Name,Dog Breeds,category,first_line_screening,notes,subcategory,typical_signs
Hip dysplasia,"Puli (https://www.notion.so/Puli-28ccf55ca0888100a303c463cae1a229?pvs=21), Sarplaninac (https://www.notion.so/Sarplaninac-28ccf55ca0888102947adc7c846e4af9?pvs=21), Standard Schnauzer (https://www.notion.so/Standard-Schnauzer-28ccf55ca0888102af11ccee0870b499?pvs=21), Hungarian Puli (https://www.notion.so/Hungarian-Puli-28ccf55ca088810482d6cdc9422a3377?pvs=21), Stabyhoun (https://www.notion.so/Stabyhoun-28ccf55ca0888106815ce36e45043a87?pvs=21), Lhasa Apso (https://www.notion.so/Lhasa-Apso-28ccf55ca0888107bfc4e8558fbd4bdd?pvs=21), Swedish Vallhund (https://www.notion.so/Swedish-Vallhund-28ccf55ca0888108b8b5d470b62fa2d7?pvs=21), Lagotto Romagnolo (https://www.notion.so/Lagotto-Romagnolo-28ccf55ca088810a9421f2801251ef83?pvs=21), Braque Francais (https://www.notion.so/Braque-Francais-28ccf55ca088810ba69ed2c7ebb45515?pvs=21), Belgian Malinois (https://www.notion.so/Belgian-Malinois-28ccf55ca088810fbc37fc7f2a33b80d?pvs=21), Hokkaido (https://www.notion.so/Hokkaido-28ccf55ca08881139145f81a9d5a82f4?pvs=21), Catahoula Leopard Dog (https://www.notion.so/Catahoula-Leopard-Dog-28ccf55ca0888116b456e355143b2a35?pvs=21), Appenzeller Sennenhund (https://www.notion.so/Appenzeller-Sennenhund-28ccf55ca08881178b41ca69ee702998?pvs=21), Finnish Spitz (https://www.notion.so/Finnish-Spitz-28ccf55ca08881199f7fcd0b51a21f36?pvs=21), Schipperke (https://www.notion.so/Schipperke-28ccf55ca088811b9a86c132aff5e663?pvs=21), Cardigan Welsh Corgi (https://www.notion.so/Cardigan-Welsh-Corgi-28ccf55ca088811c9334e085584b444c?pvs=21), Drentsche Patrijshond (https://www.notion.so/Drentsche-Patrijshond-28ccf55ca088811fb5d1dae18f5682cb?pvs=21), Bloodhound (https://www.notion.so/Bloodhound-28ccf55ca0888120978de9a5b15f5003?pvs=21), Kishu Ken (https://www.notion.so/Kishu-Ken-28ccf55ca08881218318d7292c96f52a?pvs=21), Australian Cattle Dog (https://www.notion.so/Australian-Cattle-Dog-28ccf55ca088812196c8f28ded699f96?pvs=21), Taiwan Dog (https://www.notion.so/Taiwan-Dog-28ccf55ca0888124913edd2fd05dd929?pvs=21), Braque Saint-Germain (https://www.notion.so/Braque-Saint-Germain-28ccf55ca08881258c6ac5948ca6ffd0?pvs=21), Whippet (https://www.notion.so/Whippet-28ccf55ca08881269e01c3c5ea93a4ff?pvs=21), Karelian Bear Dog (https://www.notion.so/Karelian-Bear-Dog-28ccf55ca0888126bf7fe64f675ecdfb?pvs=21), Norwegian Elkhound (https://www.notion.so/Norwegian-Elkhound-28ccf55ca0888128a964ff15c0855128?pvs=21), Harrier (https://www.notion.so/Harrier-28ccf55ca088812aba41c99d1a02d16c?pvs=21), Afghan Hound (https://www.notion.so/Afghan-Hound-28ccf55ca088812dbaf7d9b5d6eb7f89?pvs=21), Broholmer (https://www.notion.so/Broholmer-28ccf55ca088812e9fcff40ff0b8704c?pvs=21), Chow Chow (https://www.notion.so/Chow-Chow-28ccf55ca088812f9ab6d85a34144f5b?pvs=21), Australian Kelpie (https://www.notion.so/Australian-Kelpie-28ccf55ca0888130b7d8e8123d4a1dd9?pvs=21), Dachshund (https://www.notion.so/Dachshund-28ccf55ca088813492c5db5cd339825c?pvs=21), Pumi (https://www.notion.so/Pumi-28ccf55ca0888135b4fee11148f7a309?pvs=21), Bulldog (https://www.notion.so/Bulldog-28ccf55ca0888135b73dcef89254f8ff?pvs=21), Border Collie (https://www.notion.so/Border-Collie-28ccf55ca08881369868dc83858c5fac?pvs=21), Russian Tsvetnaya Bolonka (https://www.notion.so/Russian-Tsvetnaya-Bolonka-28ccf55ca08881378756cdbf88ff398a?pvs=21), Volpino Italiano (https://www.notion.so/Volpino-Italiano-28ccf55ca0888139a5adfcb1df5970ff?pvs=21), Giant Schnauzer (https://www.notion.so/Giant-Schnauzer-28ccf55ca0888139bdd6cb71f200a26e?pvs=21), Kangal Shepherd Dog (https://www.notion.so/Kangal-Shepherd-Dog-28ccf55ca088813ab2d2dbe0f66f2fae?pvs=21), Cirneco dell’Etna (https://www.notion.so/Cirneco-dell-Etna-28ccf55ca088813ba0b8c0dad209c6ac?pvs=21), Yakutian Laika (https://www.notion.so/Yakutian-Laika-28ccf55ca088813dbe0dddc7f1a8bf20?pvs=21), Anatolian Shepherd Dog (https://www.notion.so/Anatolian-Shepherd-Dog-28ccf55ca088813eac20f0cb7ef65f21?pvs=21), Spinone Italiano (https://www.notion.so/Spinone-Italiano-28ccf55ca0888142a5cae54e9f86cead?pvs=21), Briard (https://www.notion.so/Briard-28ccf55ca0888142b4eae6a2e43f8b43?pvs=21), Westphalian Dachsbracke (https://www.notion.so/Westphalian-Dachsbracke-28ccf55ca08881459c8ec7dac477d461?pvs=21), American Water Spaniel (https://www.notion.so/American-Water-Spaniel-28ccf55ca0888146b943f715a9f9c644?pvs=21), Sussex Spaniel (https://www.notion.so/Sussex-Spaniel-28ccf55ca088814783dfc081bbec26a1?pvs=21), Basset Artesien Normand (https://www.notion.so/Basset-Artesien-Normand-28ccf55ca0888149a322fd1a7ce17425?pvs=21), Portuguese Water Dog (https://www.notion.so/Portuguese-Water-Dog-28ccf55ca088814db190ebc0dcfa16eb?pvs=21), American Leopard Hound (https://www.notion.so/American-Leopard-Hound-28ccf55ca088814f9701cdbb5b179398?pvs=21), Spanish Water Dog (https://www.notion.so/Spanish-Water-Dog-28ccf55ca088814fb2e1d7bbf4390b6f?pvs=21), American Eskimo Dog (https://www.notion.so/American-Eskimo-Dog-28ccf55ca0888153b897c00d24b10160?pvs=21), English Cocker Spaniel (https://www.notion.so/English-Cocker-Spaniel-28ccf55ca08881569b61f348cc0a9133?pvs=21), Bluetick Coonhound (https://www.notion.so/Bluetick-Coonhound-28ccf55ca088815a94dfdf7aa1bb20e2?pvs=21), Canaan Dog (https://www.notion.so/Canaan-Dog-28ccf55ca088815abbafe225ed3f20bf?pvs=21), Basset Hound (https://www.notion.so/Basset-Hound-28ccf55ca088815b85a6c0d74a7e29f6?pvs=21), German Shepherd Dog (https://www.notion.so/German-Shepherd-Dog-28ccf55ca088815b9a3fcf4fc593c086?pvs=21), Basset Fauve de Bretagne (https://www.notion.so/Basset-Fauve-de-Bretagne-28ccf55ca088815ca4ddf7b2ca7e76bd?pvs=21), Old English Sheepdog (https://www.notion.so/Old-English-Sheepdog-28ccf55ca088815e8e5dd40071151709?pvs=21), American Foxhound (https://www.notion.so/American-Foxhound-28ccf55ca088815fb70ecbda0f319586?pvs=21), Shiba Inu (https://www.notion.so/Shiba-Inu-28ccf55ca0888160a4a9e5d07573358b?pvs=21), Cão Fila de São Miguel (https://www.notion.so/C-o-Fila-de-S-o-Miguel-28ccf55ca08881618febde8ddf45d469?pvs=21), Pyrenean Shepherd (https://www.notion.so/Pyrenean-Shepherd-28ccf55ca0888162ab0dc72d6be39dfa?pvs=21), Boykin Spaniel (https://www.notion.so/Boykin-Spaniel-28ccf55ca088816390d9c9f33a88b0fc?pvs=21), Finnish Lapphund (https://www.notion.so/Finnish-Lapphund-28ccf55ca08881649eded45ddfcb966e?pvs=21), Peruvian Inca Orchid (https://www.notion.so/Peruvian-Inca-Orchid-28ccf55ca0888165b70dd45660adb6cb?pvs=21), Newfoundland (https://www.notion.so/Newfoundland-28ccf55ca08881679d20d0aea160da80?pvs=21), Cane Corso (https://www.notion.so/Cane-Corso-28ccf55ca0888168ba46ea236c44d2f6?pvs=21), Dogo Argentino (https://www.notion.so/Dogo-Argentino-28ccf55ca088816a8a87f0ffd4fb12fd?pvs=21), Portuguese Podengo Pequeno (https://www.notion.so/Portuguese-Podengo-Pequeno-28ccf55ca088816ab2d8f4aac0096621?pvs=21), Welsh Springer Spaniel (https://www.notion.so/Welsh-Springer-Spaniel-28ccf55ca088816b9938c3ed97c08a81?pvs=21), Japanese Spitz (https://www.notion.so/Japanese-Spitz-28ccf55ca088816cbed5f454668b53a0?pvs=21), Affenpinscher (https://www.notion.so/Affenpinscher-28ccf55ca08881768e2ce535336d99d4?pvs=21), Akita (https://www.notion.so/Akita-28ccf55ca08881dba02feadcac87c072?pvs=21), Alaskan Malamute (https://www.notion.so/Alaskan-Malamute-28ccf55ca08881a9b72ef25f6cefa61b?pvs=21), American Bulldog (https://www.notion.so/American-Bulldog-28ccf55ca08881afa430db967da09719?pvs=21), American Cocker Spaniel (https://www.notion.so/American-Cocker-Spaniel-28ccf55ca08881ed970cc82c564bad27?pvs=21), Australian Shepherd (https://www.notion.so/Australian-Shepherd-28ccf55ca08881bdb5a4d4f52029ae7e?pvs=21), Azawakh (https://www.notion.so/Azawakh-28ccf55ca08881928d14fa46a3d8b783?pvs=21), Barbet (https://www.notion.so/Barbet-28ccf55ca08881a7bab4df3f53a3838a?pvs=21), Basenji (https://www.notion.so/Basenji-28ccf55ca08881ca8bd0dc3b307de268?pvs=21), Basset Bleu de Gascogne (https://www.notion.so/Basset-Bleu-de-Gascogne-28ccf55ca088816d83d7c026d06d60ba?pvs=21), Bavarian Mountain Scent Hound (https://www.notion.so/Bavarian-Mountain-Scent-Hound-28ccf55ca088817eb38dee02dd9f401b?pvs=21), Beagle (https://www.notion.so/Beagle-28ccf55ca08881adb5a5f526296d9140?pvs=21), Bearded Collie (https://www.notion.so/Bearded-Collie-28ccf55ca08881828847c1737390d61b?pvs=21), Beauceron (https://www.notion.so/Beauceron-28ccf55ca08881feb4f6c41a5eb22c60?pvs=21), Belgian Laekenois (https://www.notion.so/Belgian-Laekenois-28ccf55ca088819b9378e6ab6d438e6d?pvs=21), Belgian Tervuren (https://www.notion.so/Belgian-Tervuren-28ccf55ca08881cdbb8dcaa815f52dda?pvs=21), Bergamasco Sheepdog (https://www.notion.so/Bergamasco-Sheepdog-28ccf55ca08881f9b196c845ff054e6f?pvs=21), Belgian Sheepdog (https://www.notion.so/Belgian-Sheepdog-28ccf55ca08881f2b664c644ae6d96a4?pvs=21), Black and Tan Coonhound (https://www.notion.so/Black-and-Tan-Coonhound-28ccf55ca08881f7ae18f30183486e45?pvs=21), Bolognese (https://www.notion.so/Bolognese-28ccf55ca088816e824ad0670d3cc4a6?pvs=21), Borzoi (https://www.notion.so/Borzoi-28ccf55ca08881e6af0ce71e7bdbc102?pvs=21), Bouvier des Flandres (https://www.notion.so/Bouvier-des-Flandres-28ccf55ca08881e1b857fd6e3304d6eb?pvs=21), Boxer (https://www.notion.so/Boxer-28ccf55ca08881a5bdced5bcae205263?pvs=21), Bracco Italiano (https://www.notion.so/Bracco-Italiano-28ccf55ca08881c9a998e27a118c8152?pvs=21), Braque du Bourbonnais (https://www.notion.so/Braque-du-Bourbonnais-28ccf55ca08881d1a0f0c22918723e65?pvs=21), Brittany Spaniel (https://www.notion.so/Brittany-Spaniel-28ccf55ca088818b9c29ec6949d648e8?pvs=21), Carolina Dog (https://www.notion.so/Carolina-Dog-28ccf55ca08881ec9139eea6eb2691c7?pvs=21), Caucasian Shepherd Dog (https://www.notion.so/Caucasian-Shepherd-Dog-28ccf55ca08881bcbf38d65f0ced9226?pvs=21), Cavalier King Charles Spaniel (https://www.notion.so/Cavalier-King-Charles-Spaniel-28ccf55ca08881d48af3f8534843b533?pvs=21), Central Asian Shepherd Dog (https://www.notion.so/Central-Asian-Shepherd-Dog-28ccf55ca0888196a98bece76f08a200?pvs=21), Chesapeake Bay Retriever (https://www.notion.so/Chesapeake-Bay-Retriever-28ccf55ca08881bfb821e2444923dcd8?pvs=21), Chinese Crested Dog (https://www.notion.so/Chinese-Crested-Dog-28ccf55ca08881d1a074d29009ba0c4f?pvs=21), Chinese Shar-Pei (https://www.notion.so/Chinese-Shar-Pei-28ccf55ca0888198b2a9d4fcb26c9e4b?pvs=21), Chinook (https://www.notion.so/Chinook-28ccf55ca08881aebf61c4756e2aca87?pvs=21), Wirehaired Vizsla (https://www.notion.so/Wirehaired-Vizsla-28ccf55ca0888170be42eb150ca79a1f?pvs=21), Xoloitzcuintli (https://www.notion.so/Xoloitzcuintli-28ccf55ca08881e69e2edb2a7757b8f4?pvs=21), Weimaraner (https://www.notion.so/Weimaraner-28ccf55ca08881d783abc53438b5835c?pvs=21), Vizsla (https://www.notion.so/Vizsla-28ccf55ca08881c682a1e935a3dcbd8c?pvs=21), Treeing Walker Coonhound (https://www.notion.so/Treeing-Walker-Coonhound-28ccf55ca08881cea473ccc6f7918578?pvs=21), Treeing Tennessee Brindle (https://www.notion.so/Treeing-Tennessee-Brindle-28ccf55ca08881768149eb83704ad67f?pvs=21), Transylvanian Hound (https://www.notion.so/Transylvanian-Hound-28ccf55ca088818b86e7e01fcc332316?pvs=21), Tornjak (https://www.notion.so/Tornjak-28ccf55ca08881a8991bf66ca76a2b14?pvs=21), Tosa Inu (https://www.notion.so/Tosa-Inu-28ccf55ca08881b9b959e276d6b5daa8?pvs=21), Tibetan Spaniel (https://www.notion.so/Tibetan-Spaniel-28ccf55ca088818e8149cd1d10776928?pvs=21), Tibetan Kyi Apso (https://www.notion.so/Tibetan-Kyi-Apso-28ccf55ca08881bd8486e6ae02acb835?pvs=21), Thai Ridgeback (https://www.notion.so/Thai-Ridgeback-28ccf55ca08881e8b150e46784031334?pvs=21), Telomian (https://www.notion.so/Telomian-28ccf55ca08881abab1ce484f9e9d42a?pvs=21), Swedish Lapphund (https://www.notion.so/Swedish-Lapphund-28ccf55ca0888177b5d8c842f53d9024?pvs=21), Small Münsterländer (https://www.notion.so/Small-M-nsterl-nder-28ccf55ca08881759d9cc8ca2bdba0e4?pvs=21), Sloughi (https://www.notion.so/Sloughi-28ccf55ca08881e09758d03d271ce40a?pvs=21), Slovak Cuvac (https://www.notion.so/Slovak-Cuvac-28ccf55ca08881a9b8a1e95da547c354?pvs=21), Siberian Husky (https://www.notion.so/Siberian-Husky-28ccf55ca08881fa9c95dd4a804549f0?pvs=21), Shetland Sheepdog (https://www.notion.so/Shetland-Sheepdog-28ccf55ca0888183adeee31ccaf3ca12?pvs=21), Segugio Italiano (https://www.notion.so/Segugio-Italiano-28ccf55ca08881958c99d43204e491a4?pvs=21), Scottish Deerhound (https://www.notion.so/Scottish-Deerhound-28ccf55ca08881b28ec8e62d380b5431?pvs=21), Saluki (https://www.notion.so/Saluki-28ccf55ca08881c6b28dd8fb25180e6d?pvs=21), Portuguese Podengo (https://www.notion.so/Portuguese-Podengo-28ccf55ca08881d088d3c6908c59b620?pvs=21), Polish Lowland Sheepdog (https://www.notion.so/Polish-Lowland-Sheepdog-28ccf55ca0888190b2abfc6bb02f9f7c?pvs=21), Plott Hound (https://www.notion.so/Plott-Hound-28ccf55ca08881879263c88b2e058d0f?pvs=21), Pharaoh Hound (https://www.notion.so/Pharaoh-Hound-28ccf55ca08881fdb66af22b9a52350e?pvs=21), Samoyed (https://www.notion.so/Samoyed-28ccf55ca08881b68655f8347819bbce?pvs=21), Rottweiler (https://www.notion.so/Rottweiler-28ccf55ca088818492aacd6c454d9066?pvs=21), Redbone Coonhound (https://www.notion.so/Redbone-Coonhound-28ccf55ca08881b68065e31da86a7bb2?pvs=21), Rhodesian Ridgeback (https://www.notion.so/Rhodesian-Ridgeback-28ccf55ca08881f88dc3c83e165d8c3b?pvs=21), Pembroke Welsh Corgi (https://www.notion.so/Pembroke-Welsh-Corgi-28ccf55ca08881829e2ed0e5042d2f5e?pvs=21), Otterhound (https://www.notion.so/Otterhound-28ccf55ca08881ac8bcdc24d7baade75?pvs=21), Nova Scotia Duck Tolling Retriever (https://www.notion.so/Nova-Scotia-Duck-Tolling-Retriever-28ccf55ca08881f08c66f86a7890dcfe?pvs=21), Norwegian Lundehund (https://www.notion.so/Norwegian-Lundehund-28ccf55ca088819387cbe07e839b9be1?pvs=21), Norwegian Buhund (https://www.notion.so/Norwegian-Buhund-28ccf55ca0888172ae34c811dd0451ad?pvs=21), Mudi (https://www.notion.so/Mudi-28ccf55ca088818a84f9ca7ed8ae1668?pvs=21), Miniature Schnauzer (https://www.notion.so/Miniature-Schnauzer-28ccf55ca08881729455c5cf2d3bfb04?pvs=21), Miniature Pinscher (https://www.notion.so/Miniature-Pinscher-28ccf55ca088817cb04edc959dea57b1?pvs=21), Miniature American Shepherd (https://www.notion.so/Miniature-American-Shepherd-28ccf55ca088817882d6dde65894c5c9?pvs=21), Maremma Sheepdog (https://www.notion.so/Maremma-Sheepdog-28ccf55ca08881d5aecff364de09f957?pvs=21), Leonberger (https://www.notion.so/Leonberger-28ccf55ca08881e3b7aed93c491e3cc4?pvs=21), Labrador Retriever (https://www.notion.so/Labrador-Retriever-28ccf55ca08881dd87ecf37a779cbb33?pvs=21), Kuvasz (https://www.notion.so/Kuvasz-28ccf55ca08881ca8608ed215681c59a?pvs=21), Kromfohrländer (https://www.notion.so/Kromfohrl-nder-28ccf55ca08881b6bbe3db6398346e90?pvs=21), Kooikerhondje (https://www.notion.so/Kooikerhondje-28ccf55ca08881c097cfc9c8751606bf?pvs=21), Komondor (https://www.notion.so/Komondor-28ccf55ca08881e2b4ecfafa67fffa82?pvs=21), King Charles Spaniel (https://www.notion.so/King-Charles-Spaniel-28ccf55ca088817f8992c38f8ea5d756?pvs=21), Keeshond (https://www.notion.so/Keeshond-28ccf55ca08881b79de9c44fa1777284?pvs=21), Italian Greyhound (https://www.notion.so/Italian-Greyhound-28ccf55ca08881cea3a7f16946437b1a?pvs=21), Irish Wolfhound (https://www.notion.so/Irish-Wolfhound-28ccf55ca088817c8049fce3b0bdeebd?pvs=21), Irish Water Spaniel (https://www.notion.so/Irish-Water-Spaniel-28ccf55ca08881bdbd49f7ce273ba291?pvs=21), Icelandic Sheepdog (https://www.notion.so/Icelandic-Sheepdog-28ccf55ca08881f1aa59c817c97e17ee?pvs=21), Ibizan Hound (https://www.notion.so/Ibizan-Hound-28ccf55ca08881bf9246c77fddecb027?pvs=21), Hungarian Vizsla (https://www.notion.so/Hungarian-Vizsla-28ccf55ca088818ab6e0c32b494f45e8?pvs=21), Havanese (https://www.notion.so/Havanese-28ccf55ca08881968a3be67aa7ef9854?pvs=21), Greyhound (https://www.notion.so/Greyhound-28ccf55ca08881bbacccef643d94a022?pvs=21), Great Pyrenees (https://www.notion.so/Great-Pyrenees-28ccf55ca088817c867ce6684ebfc65e?pvs=21), Grand Bleu de Gascogne (https://www.notion.so/Grand-Bleu-de-Gascogne-28ccf55ca08881bfac02eedcb2b5311f?pvs=21), Gordon Setter (https://www.notion.so/Gordon-Setter-28ccf55ca08881caae44d38b98972337?pvs=21), Golden Retriever (https://www.notion.so/Golden-Retriever-28ccf55ca088818180bffc3fea0d1c62?pvs=21), German Shorthaired Pointer (https://www.notion.so/German-Shorthaired-Pointer-28ccf55ca08881729520ca646923a47a?pvs=21), German Pinscher (https://www.notion.so/German-Pinscher-28ccf55ca08881f6adfbccd382d83923?pvs=21), French Bulldog (https://www.notion.so/French-Bulldog-28ccf55ca08881cc9f32f0db1ae5f647?pvs=21), Field Spaniel (https://www.notion.so/Field-Spaniel-28ccf55ca08881c58089c9e389734084?pvs=21), Eurasier (https://www.notion.so/Eurasier-28ccf55ca08881d1a14cd5d1483785b3?pvs=21), English Toy Spaniel (https://www.notion.so/English-Toy-Spaniel-28ccf55ca08881e8bf14c4065ec07177?pvs=21), English Springer Spaniel (https://www.notion.so/English-Springer-Spaniel-28ccf55ca088817bb4afc8e151066e6c?pvs=21), English Foxhound (https://www.notion.so/English-Foxhound-28ccf55ca08881708ed8d41201097069?pvs=21), English Setter (https://www.notion.so/English-Setter-28ccf55ca0888199a1d7e64d96c07c4a?pvs=21), English Bulldog (https://www.notion.so/English-Bulldog-28ccf55ca08881b9af28e4e5943ff84e?pvs=21), Dutch Shepherd (https://www.notion.so/Dutch-Shepherd-28ccf55ca08881c998b8f01b3fe0f942?pvs=21), Dogo Canario (https://www.notion.so/Dogo-Canario-28ccf55ca0888197aadfd36a74116e5a?pvs=21), Danish-Swedish Farmdog (https://www.notion.so/Danish-Swedish-Farmdog-28ccf55ca08881c78cd6fb70ac08b381?pvs=21), Doberman Pinscher (https://www.notion.so/Doberman-Pinscher-28ccf55ca088816f9586df3be53f94e0?pvs=21), Dalmatian (https://www.notion.so/Dalmatian-28ccf55ca08881ebb712f71946215a41?pvs=21), Curly-Coated Retriever (https://www.notion.so/Curly-Coated-Retriever-28ccf55ca08881b597b7ede6930295e0?pvs=21), Collie (https://www.notion.so/Collie-28ccf55ca08881c7a9eff1865dcffdcf?pvs=21), Cockapoo (https://www.notion.so/Cockapoo-28ccf55ca08881b7b845d2ac6d7551e9?pvs=21), Clumber Spaniel (https://www.notion.so/Clumber-Spaniel-28ccf55ca088819183c3e1c402f00a56?pvs=21)",Orthopedic,Ortho exam; hip radiographs (OFA/FCI),Weight control; targeted physio,Developmental/Conformational,"Hind‑limb lameness, bunny‑hopping, decreased ROM"
Elbow dysplasia,"Chesapeake Bay Retriever (https://www.notion.so/Chesapeake-Bay-Retriever-28ccf55ca08881bfb821e2444923dcd8?pvs=21), Labrador Retriever (https://www.notion.so/Labrador-Retriever-28ccf55ca08881dd87ecf37a779cbb33?pvs=21), Gordon Setter (https://www.notion.so/Gordon-Setter-28ccf55ca08881caae44d38b98972337?pvs=21), Golden Retriever (https://www.notion.so/Golden-Retriever-28ccf55ca088818180bffc3fea0d1c62?pvs=21), German Shorthaired Pointer (https://www.notion.so/German-Shorthaired-Pointer-28ccf55ca08881729520ca646923a47a?pvs=21), English Setter (https://www.notion.so/English-Setter-28ccf55ca0888199a1d7e64d96c07c4a?pvs=21), Curly-Coated Retriever (https://www.notion.so/Curly-Coated-Retriever-28ccf55ca08881b597b7ede6930295e0?pvs=21)",Orthopedic,Elbow radiographs/CT; orthopedic exam,Often bilateral; working/sporting breeds,Developmental/Conformational,"Forelimb lameness, joint swelling, pain on flexion/extension"
Patellar luxation,"Bull Terrier (https://www.notion.so/Bull-Terrier-28ccf55ca08881118793dc5e50718fc7?pvs=21), Wire Fox Terrier (https://www.notion.so/Wire-Fox-Terrier-28ccf55ca0888122949fc35b0a108e64?pvs=21), American Staffordshire Terrier (https://www.notion.so/American-Staffordshire-Terrier-28ccf55ca0888125ba95ff1824848f56?pvs=21), Border Terrier (https://www.notion.so/Border-Terrier-28ccf55ca0888128951ae815928554c3?pvs=21), Airedale Terrier (https://www.notion.so/Airedale-Terrier-28ccf55ca0888128a304f154db4dc929?pvs=21), Toy Fox Terrier (https://www.notion.so/Toy-Fox-Terrier-28ccf55ca088812b8077fca6b0459775?pvs=21), Cairn Terrier (https://www.notion.so/Cairn-Terrier-28ccf55ca088813b8d1ec6c8fbccc1cc?pvs=21), Staffordshire Bull Terrier (https://www.notion.so/Staffordshire-Bull-Terrier-28ccf55ca0888140af70da0a2634e68b?pvs=21), American Pit Bull Terrier (https://www.notion.so/American-Pit-Bull-Terrier-28ccf55ca08881428ac6d1eae3c777ee?pvs=21), Welsh Terrier (https://www.notion.so/Welsh-Terrier-28ccf55ca0888146931dddc2361d36c3?pvs=21), Skye Terrier (https://www.notion.so/Skye-Terrier-28ccf55ca088814cbbe5d2ad498a1951?pvs=21), Kerry Blue Terrier (https://www.notion.so/Kerry-Blue-Terrier-28ccf55ca0888156991fc717de8db256?pvs=21), Miniature Bull Terrier (https://www.notion.so/Miniature-Bull-Terrier-28ccf55ca088815baee4e4353100089d?pvs=21), Black Russian Terrier (https://www.notion.so/Black-Russian-Terrier-28ccf55ca0888161a176c99209c82d1b?pvs=21), Irish Terrier (https://www.notion.so/Irish-Terrier-28ccf55ca088816894b4cff5acbcd991?pvs=21), Rat Terrier (https://www.notion.so/Rat-Terrier-28ccf55ca0888168a425e7978d545918?pvs=21), Lakeland Terrier (https://www.notion.so/Lakeland-Terrier-28ccf55ca088816cb0cdd20e336d5e4e?pvs=21), Lowchen (https://www.notion.so/Lowchen-28ccf55ca088812baea0d319269cd7fb?pvs=21), Wirehaired Pointing Griffon (https://www.notion.so/Wirehaired-Pointing-Griffon-28ccf55ca088813e8790d91986e13db4?pvs=21), Shih Tzu (https://www.notion.so/Shih-Tzu-28ccf55ca08881608ac6d77847e19a4a?pvs=21), American Hairless Terrier (https://www.notion.so/American-Hairless-Terrier-28ccf55ca08881b09664ded6d4796eab?pvs=21), Australian Terrier (https://www.notion.so/Australian-Terrier-28ccf55ca08881dd8c36f005ab1102ea?pvs=21), Bedlington Terrier (https://www.notion.so/Bedlington-Terrier-28ccf55ca08881be8fc8f25b23a960f8?pvs=21), Bichon Frise (https://www.notion.so/Bichon-Frise-28ccf55ca08881af94d7c8adecc3ec0d?pvs=21), Boston Terrier (https://www.notion.so/Boston-Terrier-28ccf55ca0888173bb66f5a40316a5a7?pvs=21), Briquet Griffon Vendéen (https://www.notion.so/Briquet-Griffon-Vend-en-28ccf55ca08881f2b2dfcd03032e2df6?pvs=21), Brussels Griffon (https://www.notion.so/Brussels-Griffon-28ccf55ca08881b0b752fe577d4cfa29?pvs=21), Cesky Terrier (https://www.notion.so/Cesky-Terrier-28ccf55ca08881c7a4d4c7a34b8d4321?pvs=21), Chihuahua (https://www.notion.so/Chihuahua-28ccf55ca088819d9950f010cfe693ef?pvs=21), West Highland White Terrier (https://www.notion.so/West-Highland-White-Terrier-28ccf55ca08881fa9dcaeae70f8441ae?pvs=21), Yorkshire Terrier (https://www.notion.so/Yorkshire-Terrier-28ccf55ca08881b39a3fc7b6fc93ca2b?pvs=21), Tibetan Terrier (https://www.notion.so/Tibetan-Terrier-28ccf55ca0888174ac3edc1f04301a2e?pvs=21), Soft-Coated Wheaten Terrier (https://www.notion.so/Soft-Coated-Wheaten-Terrier-28ccf55ca08881f591e2f441ccca759f?pvs=21), Silky Terrier (https://www.notion.so/Silky-Terrier-28ccf55ca08881d08e5fceb037ac6e56?pvs=21), Shikoku (https://www.notion.so/Shikoku-28ccf55ca0888199972be9312f349bfb?pvs=21), Sealyham Terrier (https://www.notion.so/Sealyham-Terrier-28ccf55ca08881bfb146f28320bea5c4?pvs=21), Scottish Terrier (https://www.notion.so/Scottish-Terrier-28ccf55ca08881e98af9c3e5348d92c0?pvs=21), Petit Basset Griffon Vendéen (https://www.notion.so/Petit-Basset-Griffon-Vend-en-28ccf55ca08881ffa76bff6362df00d3?pvs=21), Russian Toy (https://www.notion.so/Russian-Toy-28ccf55ca088819b98cddd3ebe064dc9?pvs=21), Pug (https://www.notion.so/Pug-28ccf55ca08881f786fcf395e4c44d05?pvs=21), Poodle (https://www.notion.so/Poodle-28ccf55ca08881e392afdccea6349af8?pvs=21), Pomeranian (https://www.notion.so/Pomeranian-28ccf55ca08881a19b71f9c31c1c335e?pvs=21), Pekingese (https://www.notion.so/Pekingese-28ccf55ca088819a8066e767939be6d8?pvs=21), Parson Russell Terrier (https://www.notion.so/Parson-Russell-Terrier-28ccf55ca08881ccb55dc3a3e970c951?pvs=21), Papillon (https://www.notion.so/Papillon-28ccf55ca08881f68af5ecafb05dfb1a?pvs=21), Norwich Terrier (https://www.notion.so/Norwich-Terrier-28ccf55ca0888177ad83f3d8076bfcc5?pvs=21), Norfolk Terrier (https://www.notion.so/Norfolk-Terrier-28ccf55ca08881e198ecf95ba50cfaf5?pvs=21), Manchester Terrier (https://www.notion.so/Manchester-Terrier-28ccf55ca08881bd91cef4a47f1b6cea?pvs=21), Maltese (https://www.notion.so/Maltese-28ccf55ca0888172a98febb44ba693c9?pvs=21), Lancashire Heeler (https://www.notion.so/Lancashire-Heeler-28ccf55ca08881a59a5ceb1f5bb24a60?pvs=21), Japanese Chin (https://www.notion.so/Japanese-Chin-28ccf55ca08881d9adaedb294174d01e?pvs=21), Grand Griffon Vendéen (https://www.notion.so/Grand-Griffon-Vend-en-28ccf55ca08881e3a922e3fd5a41b56a?pvs=21), Glen of Imaal Terrier (https://www.notion.so/Glen-of-Imaal-Terrier-28ccf55ca08881f09ab2fbb95a5ceb32?pvs=21), Fox Terrier (https://www.notion.so/Fox-Terrier-28ccf55ca088818ba0d7fdcafe16a821?pvs=21), Dandie Dinmont Terrier (https://www.notion.so/Dandie-Dinmont-Terrier-28ccf55ca08881c88c98db3914ac1b52?pvs=21), Coton de Tulear (https://www.notion.so/Coton-de-Tulear-28ccf55ca088818d978bc9b7a00c23f6?pvs=21)",Orthopedic,Orthopedic exam (grading); radiographs if severe,Toy/small breeds over‑represented,Developmental/Conformational,"Skipping gait, intermittent hind‑limb lameness"
Osteochondritis dissecans (OCD),,Orthopedic,Orthopedic exam; radiographs; CT if needed,Activity modification; surgery in some cases,Developmental/Conformational,Shoulder/elbow/hock pain in young large breeds
Panosteitis,,Orthopedic,Orthopedic exam; long‑bone radiographs,Self‑limiting; analgesia,Developmental/Conformational,Shifting leg lameness in young large breeds
Hypertrophic osteodystrophy (HOD),,Orthopedic,Radiographs; CBC/chem to rule out infection,Supportive care; severe cases hospitalized,Developmental/Conformational,"Fever, painful swollen metaphyses, lethargy"
Legg‑Calvé‑Perthes,,Orthopedic,Hip radiographs,FHNE in advanced cases,Developmental/Conformational,Progressive hind‑limb lameness in toy breeds
Intervertebral disc disease (IVDD),Pembroke Welsh Corgi (https://www.notion.so/Pembroke-Welsh-Corgi-28ccf55ca08881829e2ed0e5042d2f5e?pvs=21),Orthopedic,Neuro exam; spinal radiographs; MRI/CT myelogram,Strict rest vs surgery depending on severity,Spinal,"Neck/back pain, ataxia, paresis/paralysis"
Lumbosacral stenosis/instability,,Orthopedic,Neuro/orthopedic exam; advanced imaging,Working breeds; weight control helps,Spinal,"Lumbosacral pain, difficulty jumping, hind weakness"
Cervical spondylomyelopathy (Wobbler),Doberman Pinscher (https://www.notion.so/Doberman-Pinscher-28ccf55ca088816f9586df3be53f94e0?pvs=21),Orthopedic,Neuro exam; MRI,"Large/giant breeds, esp. Doberman & Great Dane",Spinal,"Cervical pain, ataxia (pelvic>thoracic)"
Cranial cruciate ligament rupture (CCL),,Orthopedic,Drawer/thrust tests; radiographs,Surgical stabilization common,Ligament/Joint,"Sudden hind‑limb lameness, stifle swelling"
Biceps/iliopsoas tendinopathy,,Orthopedic,Targeted palpation; ultrasound,Activity modification/physio,Ligament/Joint,Forelimb (biceps) or hind (iliopsoas) lameness
Osteoarthritis (DJD),,Orthopedic,Ortho exam; radiographs,"Weight, NSAIDs, rehab, adjuncts",Degenerative,"Stiffness, exercise intolerance, reduced ROM"
Osteosarcoma,Rottweiler (https://www.notion.so/Rottweiler-28ccf55ca088818492aacd6c454d9066?pvs=21),Orthopedic,Radiographs; cytology/biopsy; staging,Common in large/giants; painful,Bone/Neoplasia,"Progressive lameness, swelling, pathologic fracture"
Idiopathic epilepsy,Border Collie (https://www.notion.so/Border-Collie-28ccf55ca08881369868dc83858c5fac?pvs=21),Neurologic,Minimum database; bile acids if young; MRI if atypical,Start AEDs based on frequency/severity,Brain,"Recurrent seizures, normal between episodes"
MUO/GME/NME,,Neurologic,MRI + CSF analysis,Toy/small breeds; immune‑mediated,Brain,"Seizures, circling, vision loss, behavior change"
Brain tumor (meningioma/glioma),,Neurologic,MRI; staging as indicated,Older dogs; breed predispositions,Brain,"Progressive neuro deficits, seizures"
Hydrocephalus,,Neurologic,Neuro exam; ultrasound/MRI,Congenital; toy breeds,Brain,"Dome skull, behavior changes, vision loss"
Degenerative myelopathy (DM),"Cardigan Welsh Corgi (https://www.notion.so/Cardigan-Welsh-Corgi-28ccf55ca088811c9334e085584b444c?pvs=21), German Shepherd Dog (https://www.notion.so/German-Shepherd-Dog-28ccf55ca088815b9a3fcf4fc593c086?pvs=21), Pembroke Welsh Corgi (https://www.notion.so/Pembroke-Welsh-Corgi-28ccf55ca08881829e2ed0e5042d2f5e?pvs=21)",Neurologic,Neuro exam; DM DNA test; rule‑outs,Corgis/GSD/Boxers; non‑painful,Spinal cord,Progressive hind paresis in older dogs
Atlantoaxial instability,,Neurologic,Cervical radiographs/MRI,Congenital; careful handling,Spinal cord,"Neck pain, tetraparesis in toy breeds"
Fibrocartilaginous embolism (FCE),,Neurologic,Neuro exam; MRI,Often nonprogressive after onset,Spinal cord,Peracute nonpainful paresis/plegia
Syringomyelia (CM/SM),Cavalier King Charles Spaniel (https://www.notion.so/Cavalier-King-Charles-Spaniel-28ccf55ca08881d48af3f8534843b533?pvs=21),Neurologic,MRI,Toy spaniels (CKCS) over‑represented,Spinal cord,"Neck pain, phantom scratching, vocalization"
Myasthenia gravis,,Neurologic,AChR antibody test; thoracic rads,Rule out thymoma,Neuromuscular,"Exercise intolerance, megaesophagus"
Acute polyradiculoneuritis,,Neurologic,Neuro exam; CSF; rule‑outs,Supportive care; weeks to recover,Neuromuscular,Ascending paralysis
Inherited polyneuropathies,,Neurologic,Genetic tests; EMG/NCV,Breed‑linked variants,Neuromuscular,"Progressive weakness, hyporeflexia"
Laryngeal paralysis,,Neurologic,Laryngoscopy; thyroid panel,Idiopathic vs polyneuropathy,Neuromuscular,"Voice change, stridor, exercise intolerance"
Dilated cardiomyopathy (DCM),,Cardiac,Echocardiogram; NT‑proBNP/hs‑cTnI,"Doberman, Great Dane, etc.",Myocardial,"Exercise intolerance, cough, syncope"
ARVC,,Cardiac,Holter monitor; echo,Boxers; genetic component,Myocardial,"Syncope, ventricular arrhythmias"
Subaortic stenosis (SAS),Newfoundland (https://www.notion.so/Newfoundland-28ccf55ca08881679d20d0aea160da80?pvs=21),Cardiac,Echo (Doppler); ECG,"Newfoundlands, Boxers, etc.",Congenital,"Syncope, murmur"
Mitral valve disease (MVD),Cavalier King Charles Spaniel (https://www.notion.so/Cavalier-King-Charles-Spaniel-28ccf55ca08881d48af3f8534843b533?pvs=21),Cardiac,Auscultation; rads; echo,Very common in toy/small breeds,Valvular,"Murmur, cough, exercise intolerance"
Pulmonic stenosis,,Cardiac,Echo (Doppler),"Bulldogs, terriers, etc.",Congenital,"Murmur, exercise intolerance"
Patent ductus arteriosus (PDA),,Cardiac,Echo; interventional closure,Toy breeds over‑represented,Congenital,"Continuous murmur, CHF in pups"
Atrial fibrillation/VT/SVT,,Cardiac,ECG; Holter,Often secondary to structural disease,Arrhythmias,"Irregular rhythm, syncope"
Laryngeal paralysis,,Respiratory,Laryngoscopy,"Large breeds, geriatric onset common",Upper airway,"Inspiratory stridor, voice change"
Brachycephalic obstructive airway syndrome (BOAS),"Lhasa Apso (https://www.notion.so/Lhasa-Apso-28ccf55ca0888107bfc4e8558fbd4bdd?pvs=21), Bulldog (https://www.notion.so/Bulldog-28ccf55ca0888135b73dcef89254f8ff?pvs=21), Shih Tzu (https://www.notion.so/Shih-Tzu-28ccf55ca08881608ac6d77847e19a4a?pvs=21), American Bulldog (https://www.notion.so/American-Bulldog-28ccf55ca08881afa430db967da09719?pvs=21), Boston Terrier (https://www.notion.so/Boston-Terrier-28ccf55ca0888173bb66f5a40316a5a7?pvs=21), Chinese Shar-Pei (https://www.notion.so/Chinese-Shar-Pei-28ccf55ca0888198b2a9d4fcb26c9e4b?pvs=21), Tibetan Kyi Apso (https://www.notion.so/Tibetan-Kyi-Apso-28ccf55ca08881bd8486e6ae02acb835?pvs=21), Pug (https://www.notion.so/Pug-28ccf55ca08881f786fcf395e4c44d05?pvs=21), Pekingese (https://www.notion.so/Pekingese-28ccf55ca088819a8066e767939be6d8?pvs=21), Keeshond (https://www.notion.so/Keeshond-28ccf55ca08881b79de9c44fa1777284?pvs=21), French Bulldog (https://www.notion.so/French-Bulldog-28ccf55ca08881cc9f32f0db1ae5f647?pvs=21), English Bulldog (https://www.notion.so/English-Bulldog-28ccf55ca08881b9af28e4e5943ff84e?pvs=21), Dalmatian (https://www.notion.so/Dalmatian-28ccf55ca08881ebb712f71946215a41?pvs=21)",Respiratory,Airway exam; pulse oximetry; rads,Brachycephalic breeds,Upper airway,"Snoring, stridor, heat intolerance"
Chronic bronchitis,,Respiratory,Thoracic rads; bronchoscopy/BAL,Rule out infectious causes,Lower airway,"Chronic cough, expiratory effort"
Tracheal collapse,"Lowchen (https://www.notion.so/Lowchen-28ccf55ca088812baea0d319269cd7fb?pvs=21), Wirehaired Pointing Griffon (https://www.notion.so/Wirehaired-Pointing-Griffon-28ccf55ca088813e8790d91986e13db4?pvs=21), Shih Tzu (https://www.notion.so/Shih-Tzu-28ccf55ca08881608ac6d77847e19a4a?pvs=21), Bichon Frise (https://www.notion.so/Bichon-Frise-28ccf55ca08881af94d7c8adecc3ec0d?pvs=21), Briquet Griffon Vendéen (https://www.notion.so/Briquet-Griffon-Vend-en-28ccf55ca08881f2b2dfcd03032e2df6?pvs=21), Brussels Griffon (https://www.notion.so/Brussels-Griffon-28ccf55ca08881b0b752fe577d4cfa29?pvs=21), Chihuahua (https://www.notion.so/Chihuahua-28ccf55ca088819d9950f010cfe693ef?pvs=21), Shikoku (https://www.notion.so/Shikoku-28ccf55ca0888199972be9312f349bfb?pvs=21), Petit Basset Griffon Vendéen (https://www.notion.so/Petit-Basset-Griffon-Vend-en-28ccf55ca08881ffa76bff6362df00d3?pvs=21), Russian Toy (https://www.notion.so/Russian-Toy-28ccf55ca088819b98cddd3ebe064dc9?pvs=21), Pug (https://www.notion.so/Pug-28ccf55ca08881f786fcf395e4c44d05?pvs=21), Poodle (https://www.notion.so/Poodle-28ccf55ca08881e392afdccea6349af8?pvs=21), Pomeranian (https://www.notion.so/Pomeranian-28ccf55ca08881a19b71f9c31c1c335e?pvs=21), Pekingese (https://www.notion.so/Pekingese-28ccf55ca088819a8066e767939be6d8?pvs=21), Papillon (https://www.notion.so/Papillon-28ccf55ca08881f68af5ecafb05dfb1a?pvs=21), Maltese (https://www.notion.so/Maltese-28ccf55ca0888172a98febb44ba693c9?pvs=21), Lancashire Heeler (https://www.notion.so/Lancashire-Heeler-28ccf55ca08881a59a5ceb1f5bb24a60?pvs=21), Japanese Chin (https://www.notion.so/Japanese-Chin-28ccf55ca08881d9adaedb294174d01e?pvs=21), Grand Griffon Vendéen (https://www.notion.so/Grand-Griffon-Vend-en-28ccf55ca08881e3a922e3fd5a41b56a?pvs=21), Coton de Tulear (https://www.notion.so/Coton-de-Tulear-28ccf55ca088818d978bc9b7a00c23f6?pvs=21)",Respiratory,Thoracic rads; fluoroscopy,Toy breeds,Upper airway,"Honking cough, exercise intolerance"
Eosinophilic bronchopneumopathy,,Respiratory,BAL cytology,Immune‑mediated component,Lower airway,"Cough, dyspnea, eosinophilia"
CIRDC,,Respiratory,PCR panel; supportive care,Vaccines mitigate risk,Infectious,"Cough, nasal discharge, fever"
Acute gastroenteritis,,GI/Hepatic/Pancreas,CBC/chem; parvo test in young,Supportive care,Stomach/Intestine,"Vomiting, diarrhea, dehydration"
AHDS,,GI/Hepatic/Pancreas,PCV/TS; rule‑outs,Rapid response to therapy typical,Stomach/Intestine,"Acute bloody diarrhea, hemoconcentration"
Inflammatory bowel disease (IBD),,GI/Hepatic/Pancreas,Fecal; diet trial; ultrasound; biopsy,Rule out parasites/food first,Stomach/Intestine,"Chronic GI signs, weight loss"
Megaesophagus,,GI/Hepatic/Pancreas,Thoracic rads; fluoroscopy,Feed upright; manage cause,Stomach/Intestine,"Regurgitation, weight loss, aspiration pneumonia"
Protein‑losing enteropathy (PLE),,GI/Hepatic/Pancreas,Albumin; ultrasound; biopsy,Lymphangiectasia common cause,Stomach/Intestine,"Ascites/edema, weight loss, diarrhea"
Gastric dilatation–volvulus (GSV) (Bloat),"Irish Red and White Setter (https://www.notion.so/Irish-Red-and-White-Setter-28ccf55ca08881079bb9cb3dcf397d77?pvs=21), Pyrenean Mastiff (https://www.notion.so/Pyrenean-Mastiff-28ccf55ca088810984adcbbb43a3210f?pvs=21), Great Dane (https://www.notion.so/Great-Dane-28ccf55ca0888122a6f1d326bfa1f7ef?pvs=21), Tibetan Mastiff (https://www.notion.so/Tibetan-Mastiff-28ccf55ca0888125ac57ccc867ba44ad?pvs=21), Neapolitan Mastiff (https://www.notion.so/Neapolitan-Mastiff-28ccf55ca088814fbe98f47a2dd1b265?pvs=21), Irish Setter (https://www.notion.so/Irish-Setter-28ccf55ca08881549e49c94de98c2650?pvs=21), Akita (https://www.notion.so/Akita-28ccf55ca08881dba02feadcac87c072?pvs=21), American Akita (https://www.notion.so/American-Akita-28ccf55ca08881fdacc4c4d71a505a90?pvs=21), Borzoi (https://www.notion.so/Borzoi-28ccf55ca08881e6af0ce71e7bdbc102?pvs=21), Boxer (https://www.notion.so/Boxer-28ccf55ca08881a5bdced5bcae205263?pvs=21), Weimaraner (https://www.notion.so/Weimaraner-28ccf55ca08881d783abc53438b5835c?pvs=21), Thai Ridgeback (https://www.notion.so/Thai-Ridgeback-28ccf55ca08881e8b150e46784031334?pvs=21), Spanish Mastiff (https://www.notion.so/Spanish-Mastiff-28ccf55ca08881df88ddde44b47e2cd1?pvs=21), Rhodesian Ridgeback (https://www.notion.so/Rhodesian-Ridgeback-28ccf55ca08881f88dc3c83e165d8c3b?pvs=21), Mastiff (https://www.notion.so/Mastiff-28ccf55ca08881b0b177d1ca490ebf43?pvs=21), Standard Schnauzer (https://www.notion.so/Standard-Schnauzer-28ccf55ca0888102af11ccee0870b499?pvs=21), Dogue de Bordeaux (https://www.notion.so/Dogue-de-Bordeaux-28ccf55ca088811da71becd5a00e3ebd?pvs=21), Perro de Presa Canario (https://www.notion.so/Perro-de-Presa-Canario-28ccf55ca088811fa546de2acd117f93?pvs=21), Saint Bernard (https://www.notion.so/Saint-Bernard-28ccf55ca0888130a256dedde4dd13ab?pvs=21), Presa Canario (https://www.notion.so/Presa-Canario-28ccf55ca0888136bdddeea8546d3950?pvs=21), Giant Schnauzer (https://www.notion.so/Giant-Schnauzer-28ccf55ca0888139bdd6cb71f200a26e?pvs=21), German Shepherd Dog (https://www.notion.so/German-Shepherd-Dog-28ccf55ca088815b9a3fcf4fc593c086?pvs=21), Newfoundland (https://www.notion.so/Newfoundland-28ccf55ca08881679d20d0aea160da80?pvs=21), Entlebucher Mountain Dog (https://www.notion.so/Entlebucher-Mountain-Dog-28ccf55ca0888167b6f5de558053a064?pvs=21), Cane Corso (https://www.notion.so/Cane-Corso-28ccf55ca0888168ba46ea236c44d2f6?pvs=21), Dogo Argentino (https://www.notion.so/Dogo-Argentino-28ccf55ca088816a8a87f0ffd4fb12fd?pvs=21), Affenpinscher (https://www.notion.so/Affenpinscher-28ccf55ca08881768e2ce535336d99d4?pvs=21), Bernese Mountain Dog (https://www.notion.so/Bernese-Mountain-Dog-28ccf55ca08881a3bca0c13fdc6afe45?pvs=21), Boerboel (https://www.notion.so/Boerboel-28ccf55ca08881cb8377fd9eb80e7ca7?pvs=21), Bullmastiff (https://www.notion.so/Bullmastiff-28ccf55ca08881dca76cc90739aa680f?pvs=21), Tosa Inu (https://www.notion.so/Tosa-Inu-28ccf55ca08881b9b959e276d6b5daa8?pvs=21), Rottweiler (https://www.notion.so/Rottweiler-28ccf55ca088818492aacd6c454d9066?pvs=21), Miniature Schnauzer (https://www.notion.so/Miniature-Schnauzer-28ccf55ca08881729455c5cf2d3bfb04?pvs=21), Miniature Pinscher (https://www.notion.so/Miniature-Pinscher-28ccf55ca088817cb04edc959dea57b1?pvs=21), Kuvasz (https://www.notion.so/Kuvasz-28ccf55ca08881ca8608ed215681c59a?pvs=21), Komondor (https://www.notion.so/Komondor-28ccf55ca08881e2b4ecfafa67fffa82?pvs=21), Irish Wolfhound (https://www.notion.so/Irish-Wolfhound-28ccf55ca088817c8049fce3b0bdeebd?pvs=21), Greater Swiss Mountain Dog (https://www.notion.so/Greater-Swiss-Mountain-Dog-28ccf55ca08881b09263c49291974f33?pvs=21), Great Pyrenees (https://www.notion.so/Great-Pyrenees-28ccf55ca088817c867ce6684ebfc65e?pvs=21), Gordon Setter (https://www.notion.so/Gordon-Setter-28ccf55ca08881caae44d38b98972337?pvs=21), German Pinscher (https://www.notion.so/German-Pinscher-28ccf55ca08881f6adfbccd382d83923?pvs=21), Estrela Mountain Dog (https://www.notion.so/Estrela-Mountain-Dog-28ccf55ca08881bfa2f0c8b6e39db376?pvs=21), English Setter (https://www.notion.so/English-Setter-28ccf55ca0888199a1d7e64d96c07c4a?pvs=21), Dogo Canario (https://www.notion.so/Dogo-Canario-28ccf55ca0888197aadfd36a74116e5a?pvs=21), Doberman Pinscher (https://www.notion.so/Doberman-Pinscher-28ccf55ca088816f9586df3be53f94e0?pvs=21)",GI/Hepatic/Pancreas,Right lateral abdominal radiograph,Large/deep‑chested; emergency,Stomach/Intestine,"Retching, distention, collapse"
Chronic hepatitis,,GI/Hepatic/Pancreas,Chem panel; ultrasound; biopsy,Copper levels in biopsy if indicated,Liver,"Lethargy, ↑ALT/ALP"
Copper‑associated hepatopathy,,GI/Hepatic/Pancreas,Liver biopsy copper quant.,Bedlington/others; genetic links,Liver,"↑Liver enzymes, hepatitis signs"
Portosystemic shunt,Yorkshire Terrier (https://www.notion.so/Yorkshire-Terrier-28ccf55ca08881b39a3fc7b6fc93ca2b?pvs=21),GI/Hepatic/Pancreas,Bile acids; ultrasound/CT angiography,Medical vs surgical management,Liver,"Stunted growth, neuro signs"
Pancreatitis,,GI/Hepatic/Pancreas,cPLI; ultrasound,Supportive care; nutrition,Pancreas,"Vomiting, abdominal pain"
Exocrine pancreatic insufficiency (EPI),,GI/Hepatic/Pancreas,TLI test,German Shepherds over‑represented,Pancreas,"Weight loss with polyphagia, diarrhea"
Hypothyroidism,,Endocrine/Metabolic,TT4/FT4 + TSH; repeat if equivocal,Middle‑aged/large breeds,Thyroid/Adrenal,"Lethargy, weight gain, skin changes"
Addison’s (hypoadrenocorticism),,Endocrine/Metabolic,ACTH stim test,Young females over‑represented,Thyroid/Adrenal,"Waxing/waning GI, collapse, hyperkalemia"
Cushing’s (hyperadrenocorticism),,Endocrine/Metabolic,LDDS/ACTH stim; ultrasound,Common endocrine disorder,Thyroid/Adrenal,"PU/PD, panting, pot belly, alopecia"
Diabetes mellitus,,Endocrine/Metabolic,Fructosamine; UA; glucose curve,"Older, obese predisposition",Glucose/Water,"PU/PD, weight loss, cataracts"
Diabetes insipidus,,Endocrine/Metabolic,Careful water deprivation test,Rule out other causes first,Glucose/Water,PU/PD with dilute urine
Hyperlipidemia/Hypertriglyceridemia,,Endocrine/Metabolic,Fasting lipids,Mini Schnauzers predisposed,Lipid/Storage,"GI signs, pancreatitis risk"
Exercise‑induced collapse (EIC),Labrador Retriever (https://www.notion.so/Labrador-Retriever-28ccf55ca08881dd87ecf37a779cbb33?pvs=21),Endocrine/Metabolic,EIC DNA test,Labrador/related lines,Breed‑linked,Exercise collapse in young Labs
Chronic kidney disease (CKD),,Urologic/Renal,Chem/UA; SDMA; BP,IRIS staging,Kidney,"PU/PD, weight loss, anemia"
Alopecia X,Pomeranian (https://www.notion.so/Pomeranian-28ccf55ca08881a19b71f9c31c1c335e?pvs=21),Endocrine/Metabolic,Clinical dx; rule‑outs,Pomeranian/spitz types,Breed‑linked,"Truncal alopecia, normal labs"
Acute kidney injury (AKI),,Urologic/Renal,Chem/UA; ultrasound,Toxins/infectious causes,Kidney,"Oliguria/anuria, azotemia"
UTI/cystitis,,Urologic/Renal,Urinalysis; culture,Recurrent cases: imaging,Lower urinary,"Pollakiuria, dysuria, hematuria"
Urolithiasis (struvite),,Urologic/Renal,UA; rads/ultrasound,Diet dissolution possible,Lower urinary,"Dysuria, hematuria"
Urolithiasis (calcium oxalate),,Urologic/Renal,UA; imaging; stone analysis,Recurrence common; diet/meds,Lower urinary,"Recurrent stones, obstruction risk"
Urolithiasis (urate/cystine),Dalmatian (https://www.notion.so/Dalmatian-28ccf55ca08881ebb712f71946215a41?pvs=21),Urologic/Renal,UA; imaging; stone analysis,Diet/meds; genetics involved,Lower urinary,Breed/line linked
Ectopic ureters,,Urologic/Renal,Ultrasound/CT excretory studies,Surgical correction often,Congenital,Urinary incontinence (young)
Pyometra,,Reproductive,Ultrasound; CBC/chem,Emergency; OVH curative,Female,"PU/PD, discharge, lethargy"
Mammary tumors,,Reproductive,FNA/biopsy; staging,Risk ↓ by early spay,Female,Mammary masses
Benign prostatic hyperplasia,,Reproductive,Rectal exam; ultrasound,Intact males; finasteride/castration,Male,"Tenesmus, hematuria"
Prostatitis,,Reproductive,Urine culture; ultrasound,May abscess,Male,"Fever, painful prostate"
Testicular tumors,,Reproductive,Ultrasound; cytology,Cryptorchid ↑ risk,Male,"Scrotal mass, feminization"
Atopic dermatitis,,Dermatologic,Cytology; rule‑outs; diet trial,Allergen testing for immunotherapy,Allergy/Immune,"Pruritus, recurrent otitis, pyoderma"
Food allergy,,Dermatologic,Strict elimination diet trial,8–12 weeks minimum,Allergy/Immune,GI signs + pruritus/otitis
Sarcoptic mange,,Dermatologic,Scrapings (often negative); response to tx,Zoonotic (transient),Parasitic/Infectious,"Severe pruritus, ear margins affected"
Demodicosis,,Dermatologic,Deep scrapings; trichography,Juvenile vs adult‑onset,Parasitic/Infectious,"Patchy alopecia, low pruritus"
Dermatophytosis (ringworm),,Dermatologic,DTM culture/PCR; Wood’s lamp,Zoonotic; cats reservoir,Parasitic/Infectious,"Circular alopecia, scales"
Superficial pyoderma,,Dermatologic,Cytology; C&S if recurrent,Address allergies/parasites,Bacterial/Yeast,"Papules, pustules, collarettes"
Color dilution alopecia,,Dermatologic,Trichography; biopsy,Color‑linked,Follicular/Coat,"Dilute‑coat alopecia, casts"
Sebaceous adenitis,Akita (https://www.notion.so/Akita-28ccf55ca08881dba02feadcac87c072?pvs=21),Dermatologic,Biopsy,"Standard Poodles, Akitas, etc.",Follicular/Coat,"Alopecia, scaling"
Zinc‑responsive dermatosis,,Dermatologic,Response to zinc; biopsy,Nordic breeds over‑represented,Metabolic,Crusting around muzzle/pressure points
Hot spots (acute moist dermatitis),,Dermatologic,Cytology; clip/clean,Often secondary,Other,Acute painful lesions
Corneal ulcer,,Ophthalmic,Fluorescein stain,Brachycephalics predisposed,Cornea/Surface,"Blepharospasm, epiphora, photophobia"
KCS (dry eye),,Ophthalmic,Schirmer tear test,Immune‑mediated common,Tear film,"Mucopurulent discharge, blepharospasm"
Cataracts,,Ophthalmic,Slit‑lamp exam; ERG if surgery,Diabetic and hereditary forms,Lens/Retina,"Lens opacity, vision loss"
PRA,,Ophthalmic,Genetic tests; ERG,Breed‑linked variants,Retina,Night blindness to total blindness
Cherry eye,,Ophthalmic,Ophthalmic exam,Surgical replacement preferred,Nictitans,Red mass inner canthus
Entropion/Ectropion,Chinese Shar-Pei (https://www.notion.so/Chinese-Shar-Pei-28ccf55ca0888198b2a9d4fcb26c9e4b?pvs=21),Ophthalmic,Ophthalmic exam,Mastiffs/hounds (ectropion),Eyelids/Lashes,"Irritation, discharge"
Glaucoma,Shiba Inu (https://www.notion.so/Shiba-Inu-28ccf55ca0888160a4a9e5d07573358b?pvs=21),Ophthalmic,Tonometry; gonioscopy,Emergency to save vision,Globe/IOP,"Pain, buphthalmos, vision loss"
Otitis externa,"English Cocker Spaniel (https://www.notion.so/English-Cocker-Spaniel-28ccf55ca08881569b61f348cc0a9133?pvs=21), American Cocker Spaniel (https://www.notion.so/American-Cocker-Spaniel-28ccf55ca08881ed970cc82c564bad27?pvs=21)",Otic,Otoscopy; cytology,Manage allergies; cleaning,External ear,"Head shaking, odor, pruritus"
Otitis media/interna,,Otic,Imaging; myringotomy,Often from chronic OE,Middle/inner,"Pain, head tilt, ataxia"
Aural hematoma,,Otic,Exam; rule out otitis,Treat underlying pruritus,Complication,Pinna swelling
Periodontal disease,,Dental/Oral,Oral exam + dental rads,Extremely common; early care key,Periodontal,"Halitosis, gingivitis, tooth loss"
Oral tumors (melanoma/SCC/etc.),,Dental/Oral,Oral exam; biopsy; staging,Early detection improves outcomes,Trauma/Neoplasia,"Oral masses, drooling"
Retained deciduous teeth,,Dental/Oral,Oral exam; dental rads,Toy breeds common,Developmental,"Crowding, malocclusion"
IMHA/IMTP,,Hematologic/Coagulation,CBC/smear; Coombs; coag panel,Often needs immunosuppression,Immune-mediated,"Pale gums, petechiae, lethargy"
von Willebrand disease,,Hematologic/Coagulation,vWF assay; DNA testing,Doberman & others,Bleeding disorders,"Mucosal bleeding, surgical bleed"
"Hemophilia A/B, factor deficiencies",,Hematologic/Coagulation,Coag tests; genetic tests,Breeding counseling,Coagulopathies,Excessive bleeding
Hyperfibrinolysis,,Hematologic/Coagulation,TEG/ROTEM,Sighthound considerations,Other,Prolonged bleeding post‑op
Mast cell tumor,,Oncologic,FNA cytology; staging,Premed before biopsy if large,Common tumors,"Cutaneous mass, erythema"
Lymphoma,,Oncologic,Cytology; staging (imaging),Multi‑agent chemo options,Common tumors,"Lymphadenopathy, lethargy"
Hemangiosarcoma,,Oncologic,FAST ultrasound; CBC/chem; imaging,Right‑atrial masses possible,Common tumors,"Collapse, splenic mass"
Soft tissue sarcomas,,Oncologic,FNA/biopsy; margin planning,Grade guides prognosis,Common tumors,Firm subcutaneous masses
Transitional cell carcinoma (TCC),,Oncologic,UA; ultrasound; BRAF urine test,Often trigonal location,Common tumors,"Stranguria, hematuria"
Histiocytic sarcoma,,Oncologic,Cytology/biopsy; staging,Bernese/Flat‑Coat predispositions,Other,"Lameness, masses, systemic signs"
Parvovirus,,Infectious,Parvo ELISA; CBC/chem,Aggressive supportive care,Viral,"Bloody diarrhea, vomiting, leukopenia"
Distemper,,Infectious,PCR/serology,Vaccination protective,Viral,Resp/GI/neuro signs
Influenza (CIV),,Infectious,PCR panel,Outbreak‑dependent,Viral,"Cough, fever, nasal discharge"
Leptospirosis,,Infectious,MAT/PCR; chem/UA,Zoonotic; early antibiotics,Bacterial,"PU/PD, AKI, liver injury"
Lyme disease (Borreliosis),,Infectious,SNAP/ELISA; C6; UA (protein),Regional; tick control,Bacterial,"Shifting lameness, fever"
Ehrlichiosis/Anaplasmosis,,Infectious,SNAP/IFA; CBC,Vector‑borne; tick control,Bacterial,"Fever, thrombocytopenia"
Heartworm (D. immitis),,Infectious,Antigen test; microfilaria test,Preventives effective,Parasitic,"Cough, exercise intolerance"
Giardia/Coccidia,,Infectious,Fecal antigen/float; PCR,Consider zoonotic contexts,Parasitic,"Diarrhea, weight loss"
Blasto/Histo,,Infectious,Antigen tests; imaging,Regional mycoses (USA),Fungal,"Cough, weight loss, nodules"
Xylitol,,Toxicology/Environmental,Blood glucose; liver enzymes,Chewing gum/peanut butter source,Foods,"Vomiting, hypoglycemia, seizures"
Coccidioidomycosis (Valley Fever),,Infectious,Serology; imaging,Southwestern USA,Fungal,"Cough, lameness, fever"
Chocolate,,Toxicology/Environmental,History; levels if available,Dark chocolate highest risk,Foods,"Tremors, tachycardia"
Grapes/Raisins,,Toxicology/Environmental,Chem/UA; history,Idiosyncratic; avoid entirely,Foods,"Vomiting, AKI"
Anticoagulant rodenticides,,Toxicology/Environmental,PT/INR; history,Vitamin K therapy,Chemicals,"Bleeding, dyspnea, pallor"
Ethylene glycol,,Toxicology/Environmental,EG test; chem,Antidote early; poor prognosis late,Chemicals,Ataxia → AKI
Blue‑green algae,,Toxicology/Environmental,History; chem/UA,Avoid algal blooms,Environment,"Vomiting, seizures, liver failure"
Heatstroke,,Toxicology/Environmental,Rectal temp; labs,Rapid cooling; ICU care,Environment,"Collapse, hyperthermia"
MDR1 (ABCB1) mutation,Old English Sheepdog (https://www.notion.so/Old-English-Sheepdog-28ccf55ca088815e8e5dd40071151709?pvs=21),Pharmacogenetics/Anesthesia,MDR1 DNA test,Collie‑type herders; dose mods,Drug sensitivity,Neurotoxicity to certain drugs
Brachy anesthetic risk,,Pharmacogenetics/Anesthesia,Airway exam; monitoring plan,Experienced team recommended,Anesthesia,Airway obstruction during/after anesthesia
Sighthound nuance,,Pharmacogenetics/Anesthesia,Tailored protocol; warmers,Avoid certain agents; careful dosing,Anesthesia,"Prolonged recovery, hypothermia risk"
Dermoid sinus (ridgebacks),,Congenital/Hereditary,Physical exam; imaging if deep,Screen neonates in at‑risk breeds,Dermoid,Midline dorsally located tracts
Juvenile nephropathy,,Congenital/Hereditary,UA/chem; ultrasound; biopsy,Breed‑specific lines,Renal,"PU/PD, failure to thrive"
PDE/NME (Pug),,Congenital/Hereditary,MRI/CSF,Breed‑linked encephalitis,Neurologic,"Seizures, behavior change"
Separation anxiety,,Behavioral/Cognitive,History; video; behavior consult,Training + meds when severe,Behavior,Destruction/vocalization when alone
Noise phobia,,Behavioral/Cognitive,History; video,Behavior plan; anxiolytics PRN,Behavior,Panic with storms/fireworks
Cognitive dysfunction,,Behavioral/Cognitive,DISHA questionnaire,Environmental enrichment + meds,Geriatric,"Disorientation, sleep cycle changes"
Heat intolerance,"Lhasa Apso (https://www.notion.so/Lhasa-Apso-28ccf55ca0888107bfc4e8558fbd4bdd?pvs=21), Bulldog (https://www.notion.so/Bulldog-28ccf55ca0888135b73dcef89254f8ff?pvs=21), Shih Tzu (https://www.notion.so/Shih-Tzu-28ccf55ca08881608ac6d77847e19a4a?pvs=21), American Bulldog (https://www.notion.so/American-Bulldog-28ccf55ca08881afa430db967da09719?pvs=21), Boston Terrier (https://www.notion.so/Boston-Terrier-28ccf55ca0888173bb66f5a40316a5a7?pvs=21), Pug (https://www.notion.so/Pug-28ccf55ca08881f786fcf395e4c44d05?pvs=21), French Bulldog (https://www.notion.so/French-Bulldog-28ccf55ca08881cc9f32f0db1ae5f647?pvs=21), English Bulldog (https://www.notion.so/English-Bulldog-28ccf55ca08881b9af28e4e5943ff84e?pvs=21)",,,,,
Allergies,"Irish Red and White Setter (https://www.notion.so/Irish-Red-and-White-Setter-28ccf55ca08881079bb9cb3dcf397d77?pvs=21), Lhasa Apso (https://www.notion.so/Lhasa-Apso-28ccf55ca0888107bfc4e8558fbd4bdd?pvs=21), German Wirehaired Pointer (https://www.notion.so/German-Wirehaired-Pointer-28ccf55ca0888108a557cb246a9b0a76?pvs=21), Flat-Coated Retriever (https://www.notion.so/Flat-Coated-Retriever-28ccf55ca08881129e55e719ece9373e?pvs=21), Bulldog (https://www.notion.so/Bulldog-28ccf55ca0888135b73dcef89254f8ff?pvs=21), Pointer (https://www.notion.so/Pointer-28ccf55ca088813ea259d6a110f19b52?pvs=21), Slovakian Wirehaired Pointer (https://www.notion.so/Slovakian-Wirehaired-Pointer-28ccf55ca088814c9d86d338c0ad3d6c?pvs=21), Irish Setter (https://www.notion.so/Irish-Setter-28ccf55ca08881549e49c94de98c2650?pvs=21), Shiba Inu (https://www.notion.so/Shiba-Inu-28ccf55ca0888160a4a9e5d07573358b?pvs=21), American Bulldog (https://www.notion.so/American-Bulldog-28ccf55ca08881afa430db967da09719?pvs=21), Chesapeake Bay Retriever (https://www.notion.so/Chesapeake-Bay-Retriever-28ccf55ca08881bfb821e2444923dcd8?pvs=21), Chinese Shar-Pei (https://www.notion.so/Chinese-Shar-Pei-28ccf55ca0888198b2a9d4fcb26c9e4b?pvs=21), Tibetan Kyi Apso (https://www.notion.so/Tibetan-Kyi-Apso-28ccf55ca08881bd8486e6ae02acb835?pvs=21), Nova Scotia Duck Tolling Retriever (https://www.notion.so/Nova-Scotia-Duck-Tolling-Retriever-28ccf55ca08881f08c66f86a7890dcfe?pvs=21), Labrador Retriever (https://www.notion.so/Labrador-Retriever-28ccf55ca08881dd87ecf37a779cbb33?pvs=21), Keeshond (https://www.notion.so/Keeshond-28ccf55ca08881b79de9c44fa1777284?pvs=21), Gordon Setter (https://www.notion.so/Gordon-Setter-28ccf55ca08881caae44d38b98972337?pvs=21), Golden Retriever (https://www.notion.so/Golden-Retriever-28ccf55ca088818180bffc3fea0d1c62?pvs=21), German Shorthaired Pointer (https://www.notion.so/German-Shorthaired-Pointer-28ccf55ca08881729520ca646923a47a?pvs=21), French Bulldog (https://www.notion.so/French-Bulldog-28ccf55ca08881cc9f32f0db1ae5f647?pvs=21), English Setter (https://www.notion.so/English-Setter-28ccf55ca0888199a1d7e64d96c07c4a?pvs=21), English Bulldog (https://www.notion.so/English-Bulldog-28ccf55ca08881b9af28e4e5943ff84e?pvs=21), Dalmatian (https://www.notion.so/Dalmatian-28ccf55ca08881ebb712f71946215a41?pvs=21), Curly-Coated Retriever (https://www.notion.so/Curly-Coated-Retriever-28ccf55ca08881b597b7ede6930295e0?pvs=21)",,,,,
Ocular issues (corneal/entropion risk),"Lhasa Apso (https://www.notion.so/Lhasa-Apso-28ccf55ca0888107bfc4e8558fbd4bdd?pvs=21), Bulldog (https://www.notion.so/Bulldog-28ccf55ca0888135b73dcef89254f8ff?pvs=21), Shih Tzu (https://www.notion.so/Shih-Tzu-28ccf55ca08881608ac6d77847e19a4a?pvs=21), American Bulldog (https://www.notion.so/American-Bulldog-28ccf55ca08881afa430db967da09719?pvs=21), Boston Terrier (https://www.notion.so/Boston-Terrier-28ccf55ca0888173bb66f5a40316a5a7?pvs=21), Pug (https://www.notion.so/Pug-28ccf55ca08881f786fcf395e4c44d05?pvs=21), Pekingese (https://www.notion.so/Pekingese-28ccf55ca088819a8066e767939be6d8?pvs=21), French Bulldog (https://www.notion.so/French-Bulldog-28ccf55ca08881cc9f32f0db1ae5f647?pvs=21), English Bulldog (https://www.notion.so/English-Bulldog-28ccf55ca08881b9af28e4e5943ff84e?pvs=21)",,,,,
Collie Eye Anomaly (CEA),"Swedish Vallhund (https://www.notion.so/Swedish-Vallhund-28ccf55ca0888108b8b5d470b62fa2d7?pvs=21), Cardigan Welsh Corgi (https://www.notion.so/Cardigan-Welsh-Corgi-28ccf55ca088811c9334e085584b444c?pvs=21), Australian Cattle Dog (https://www.notion.so/Australian-Cattle-Dog-28ccf55ca088812196c8f28ded699f96?pvs=21), Australian Kelpie (https://www.notion.so/Australian-Kelpie-28ccf55ca0888130b7d8e8123d4a1dd9?pvs=21), Pumi (https://www.notion.so/Pumi-28ccf55ca0888135b4fee11148f7a309?pvs=21), Border Collie (https://www.notion.so/Border-Collie-28ccf55ca08881369868dc83858c5fac?pvs=21), Kangal Shepherd Dog (https://www.notion.so/Kangal-Shepherd-Dog-28ccf55ca088813ab2d2dbe0f66f2fae?pvs=21), Anatolian Shepherd Dog (https://www.notion.so/Anatolian-Shepherd-Dog-28ccf55ca088813eac20f0cb7ef65f21?pvs=21), German Shepherd Dog (https://www.notion.so/German-Shepherd-Dog-28ccf55ca088815b9a3fcf4fc593c086?pvs=21), Old English Sheepdog (https://www.notion.so/Old-English-Sheepdog-28ccf55ca088815e8e5dd40071151709?pvs=21), Pyrenean Shepherd (https://www.notion.so/Pyrenean-Shepherd-28ccf55ca0888162ab0dc72d6be39dfa?pvs=21), Finnish Lapphund (https://www.notion.so/Finnish-Lapphund-28ccf55ca08881649eded45ddfcb966e?pvs=21), Australian Shepherd (https://www.notion.so/Australian-Shepherd-28ccf55ca08881bdb5a4d4f52029ae7e?pvs=21), Bearded Collie (https://www.notion.so/Bearded-Collie-28ccf55ca08881828847c1737390d61b?pvs=21), Caucasian Shepherd Dog (https://www.notion.so/Caucasian-Shepherd-Dog-28ccf55ca08881bcbf38d65f0ced9226?pvs=21), Central Asian Shepherd Dog (https://www.notion.so/Central-Asian-Shepherd-Dog-28ccf55ca0888196a98bece76f08a200?pvs=21), Swedish Lapphund (https://www.notion.so/Swedish-Lapphund-28ccf55ca0888177b5d8c842f53d9024?pvs=21), Shetland Sheepdog (https://www.notion.so/Shetland-Sheepdog-28ccf55ca0888183adeee31ccaf3ca12?pvs=21), Pembroke Welsh Corgi (https://www.notion.so/Pembroke-Welsh-Corgi-28ccf55ca08881829e2ed0e5042d2f5e?pvs=21), Mudi (https://www.notion.so/Mudi-28ccf55ca088818a84f9ca7ed8ae1668?pvs=21), Miniature American Shepherd (https://www.notion.so/Miniature-American-Shepherd-28ccf55ca088817882d6dde65894c5c9?pvs=21), Dutch Shepherd (https://www.notion.so/Dutch-Shepherd-28ccf55ca08881c998b8f01b3fe0f942?pvs=21), Collie (https://www.notion.so/Collie-28ccf55ca08881c7a9eff1865dcffdcf?pvs=21)",,,,,
Hip/elbow dysplasia,"Irish Red and White Setter (https://www.notion.so/Irish-Red-and-White-Setter-28ccf55ca08881079bb9cb3dcf397d77?pvs=21), German Wirehaired Pointer (https://www.notion.so/German-Wirehaired-Pointer-28ccf55ca0888108a557cb246a9b0a76?pvs=21), Flat-Coated Retriever (https://www.notion.so/Flat-Coated-Retriever-28ccf55ca08881129e55e719ece9373e?pvs=21), Pointer (https://www.notion.so/Pointer-28ccf55ca088813ea259d6a110f19b52?pvs=21), Slovakian Wirehaired Pointer (https://www.notion.so/Slovakian-Wirehaired-Pointer-28ccf55ca088814c9d86d338c0ad3d6c?pvs=21), Irish Setter (https://www.notion.so/Irish-Setter-28ccf55ca08881549e49c94de98c2650?pvs=21)",,,,,
MDR1 sensitivity,"Swedish Vallhund (https://www.notion.so/Swedish-Vallhund-28ccf55ca0888108b8b5d470b62fa2d7?pvs=21), Cardigan Welsh Corgi (https://www.notion.so/Cardigan-Welsh-Corgi-28ccf55ca088811c9334e085584b444c?pvs=21), Australian Cattle Dog (https://www.notion.so/Australian-Cattle-Dog-28ccf55ca088812196c8f28ded699f96?pvs=21), Australian Kelpie (https://www.notion.so/Australian-Kelpie-28ccf55ca0888130b7d8e8123d4a1dd9?pvs=21), Pumi (https://www.notion.so/Pumi-28ccf55ca0888135b4fee11148f7a309?pvs=21), Border Collie (https://www.notion.so/Border-Collie-28ccf55ca08881369868dc83858c5fac?pvs=21), Kangal Shepherd Dog (https://www.notion.so/Kangal-Shepherd-Dog-28ccf55ca088813ab2d2dbe0f66f2fae?pvs=21), Anatolian Shepherd Dog (https://www.notion.so/Anatolian-Shepherd-Dog-28ccf55ca088813eac20f0cb7ef65f21?pvs=21), German Shepherd Dog (https://www.notion.so/German-Shepherd-Dog-28ccf55ca088815b9a3fcf4fc593c086?pvs=21), Pyrenean Shepherd (https://www.notion.so/Pyrenean-Shepherd-28ccf55ca0888162ab0dc72d6be39dfa?pvs=21), Finnish Lapphund (https://www.notion.so/Finnish-Lapphund-28ccf55ca08881649eded45ddfcb966e?pvs=21), Australian Shepherd (https://www.notion.so/Australian-Shepherd-28ccf55ca08881bdb5a4d4f52029ae7e?pvs=21), Bearded Collie (https://www.notion.so/Bearded-Collie-28ccf55ca08881828847c1737390d61b?pvs=21), Caucasian Shepherd Dog (https://www.notion.so/Caucasian-Shepherd-Dog-28ccf55ca08881bcbf38d65f0ced9226?pvs=21), Central Asian Shepherd Dog (https://www.notion.so/Central-Asian-Shepherd-Dog-28ccf55ca0888196a98bece76f08a200?pvs=21), Swedish Lapphund (https://www.notion.so/Swedish-Lapphund-28ccf55ca0888177b5d8c842f53d9024?pvs=21), Shetland Sheepdog (https://www.notion.so/Shetland-Sheepdog-28ccf55ca0888183adeee31ccaf3ca12?pvs=21), Pembroke Welsh Corgi (https://www.notion.so/Pembroke-Welsh-Corgi-28ccf55ca08881829e2ed0e5042d2f5e?pvs=21), Mudi (https://www.notion.so/Mudi-28ccf55ca088818a84f9ca7ed8ae1668?pvs=21), Miniature American Shepherd (https://www.notion.so/Miniature-American-Shepherd-28ccf55ca088817882d6dde65894c5c9?pvs=21), Dutch Shepherd (https://www.notion.so/Dutch-Shepherd-28ccf55ca08881c998b8f01b3fe0f942?pvs=21), Collie (https://www.notion.so/Collie-28ccf55ca08881c7a9eff1865dcffdcf?pvs=21)",,,,,
CLAD (historical; DNA test),Irish Red and White Setter (https://www.notion.so/Irish-Red-and-White-Setter-28ccf55ca08881079bb9cb3dcf397d77?pvs=21),,,,,
Orthopedic disease,"Pyrenean Mastiff (https://www.notion.so/Pyrenean-Mastiff-28ccf55ca088810984adcbbb43a3210f?pvs=21), Dogue de Bordeaux (https://www.notion.so/Dogue-de-Bordeaux-28ccf55ca088811da71becd5a00e3ebd?pvs=21), Perro de Presa Canario (https://www.notion.so/Perro-de-Presa-Canario-28ccf55ca088811fa546de2acd117f93?pvs=21), Great Dane (https://www.notion.so/Great-Dane-28ccf55ca0888122a6f1d326bfa1f7ef?pvs=21), Tibetan Mastiff (https://www.notion.so/Tibetan-Mastiff-28ccf55ca0888125ac57ccc867ba44ad?pvs=21), Saint Bernard (https://www.notion.so/Saint-Bernard-28ccf55ca0888130a256dedde4dd13ab?pvs=21), Presa Canario (https://www.notion.so/Presa-Canario-28ccf55ca0888136bdddeea8546d3950?pvs=21), Neapolitan Mastiff (https://www.notion.so/Neapolitan-Mastiff-28ccf55ca088814fbe98f47a2dd1b265?pvs=21), Entlebucher Mountain Dog (https://www.notion.so/Entlebucher-Mountain-Dog-28ccf55ca0888167b6f5de558053a064?pvs=21), Bernese Mountain Dog (https://www.notion.so/Bernese-Mountain-Dog-28ccf55ca08881a3bca0c13fdc6afe45?pvs=21), Boerboel (https://www.notion.so/Boerboel-28ccf55ca08881cb8377fd9eb80e7ca7?pvs=21), Bullmastiff (https://www.notion.so/Bullmastiff-28ccf55ca08881dca76cc90739aa680f?pvs=21), Spanish Mastiff (https://www.notion.so/Spanish-Mastiff-28ccf55ca08881df88ddde44b47e2cd1?pvs=21), Mastiff (https://www.notion.so/Mastiff-28ccf55ca08881b0b177d1ca490ebf43?pvs=21), Greater Swiss Mountain Dog (https://www.notion.so/Greater-Swiss-Mountain-Dog-28ccf55ca08881b09263c49291974f33?pvs=21), Estrela Mountain Dog (https://www.notion.so/Estrela-Mountain-Dog-28ccf55ca08881bfa2f0c8b6e39db376?pvs=21)",,,,,
eye disorders,"Puli (https://www.notion.so/Puli-28ccf55ca0888100a303c463cae1a229?pvs=21), Sarplaninac (https://www.notion.so/Sarplaninac-28ccf55ca0888102947adc7c846e4af9?pvs=21), Hungarian Puli (https://www.notion.so/Hungarian-Puli-28ccf55ca088810482d6cdc9422a3377?pvs=21), Stabyhoun (https://www.notion.so/Stabyhoun-28ccf55ca0888106815ce36e45043a87?pvs=21), Lagotto Romagnolo (https://www.notion.so/Lagotto-Romagnolo-28ccf55ca088810a9421f2801251ef83?pvs=21), Braque Francais (https://www.notion.so/Braque-Francais-28ccf55ca088810ba69ed2c7ebb45515?pvs=21), Belgian Malinois (https://www.notion.so/Belgian-Malinois-28ccf55ca088810fbc37fc7f2a33b80d?pvs=21), Hokkaido (https://www.notion.so/Hokkaido-28ccf55ca08881139145f81a9d5a82f4?pvs=21), Catahoula Leopard Dog (https://www.notion.so/Catahoula-Leopard-Dog-28ccf55ca0888116b456e355143b2a35?pvs=21), Appenzeller Sennenhund (https://www.notion.so/Appenzeller-Sennenhund-28ccf55ca08881178b41ca69ee702998?pvs=21), Schipperke (https://www.notion.so/Schipperke-28ccf55ca088811b9a86c132aff5e663?pvs=21), Drentsche Patrijshond (https://www.notion.so/Drentsche-Patrijshond-28ccf55ca088811fb5d1dae18f5682cb?pvs=21), Bloodhound (https://www.notion.so/Bloodhound-28ccf55ca0888120978de9a5b15f5003?pvs=21), Kishu Ken (https://www.notion.so/Kishu-Ken-28ccf55ca08881218318d7292c96f52a?pvs=21), Taiwan Dog (https://www.notion.so/Taiwan-Dog-28ccf55ca0888124913edd2fd05dd929?pvs=21), Braque Saint-Germain (https://www.notion.so/Braque-Saint-Germain-28ccf55ca08881258c6ac5948ca6ffd0?pvs=21), Whippet (https://www.notion.so/Whippet-28ccf55ca08881269e01c3c5ea93a4ff?pvs=21), Karelian Bear Dog (https://www.notion.so/Karelian-Bear-Dog-28ccf55ca0888126bf7fe64f675ecdfb?pvs=21), Norwegian Elkhound (https://www.notion.so/Norwegian-Elkhound-28ccf55ca0888128a964ff15c0855128?pvs=21), Harrier (https://www.notion.so/Harrier-28ccf55ca088812aba41c99d1a02d16c?pvs=21), Afghan Hound (https://www.notion.so/Afghan-Hound-28ccf55ca088812dbaf7d9b5d6eb7f89?pvs=21), Broholmer (https://www.notion.so/Broholmer-28ccf55ca088812e9fcff40ff0b8704c?pvs=21), Dachshund (https://www.notion.so/Dachshund-28ccf55ca088813492c5db5cd339825c?pvs=21), Russian Tsvetnaya Bolonka (https://www.notion.so/Russian-Tsvetnaya-Bolonka-28ccf55ca08881378756cdbf88ff398a?pvs=21), Volpino Italiano (https://www.notion.so/Volpino-Italiano-28ccf55ca0888139a5adfcb1df5970ff?pvs=21), Cirneco dell’Etna (https://www.notion.so/Cirneco-dell-Etna-28ccf55ca088813ba0b8c0dad209c6ac?pvs=21), Spinone Italiano (https://www.notion.so/Spinone-Italiano-28ccf55ca0888142a5cae54e9f86cead?pvs=21), Briard (https://www.notion.so/Briard-28ccf55ca0888142b4eae6a2e43f8b43?pvs=21), Westphalian Dachsbracke (https://www.notion.so/Westphalian-Dachsbracke-28ccf55ca08881459c8ec7dac477d461?pvs=21), Basset Artesien Normand (https://www.notion.so/Basset-Artesien-Normand-28ccf55ca0888149a322fd1a7ce17425?pvs=21), Portuguese Water Dog (https://www.notion.so/Portuguese-Water-Dog-28ccf55ca088814db190ebc0dcfa16eb?pvs=21), American Leopard Hound (https://www.notion.so/American-Leopard-Hound-28ccf55ca088814f9701cdbb5b179398?pvs=21), Spanish Water Dog (https://www.notion.so/Spanish-Water-Dog-28ccf55ca088814fb2e1d7bbf4390b6f?pvs=21), American Eskimo Dog (https://www.notion.so/American-Eskimo-Dog-28ccf55ca0888153b897c00d24b10160?pvs=21), Bluetick Coonhound (https://www.notion.so/Bluetick-Coonhound-28ccf55ca088815a94dfdf7aa1bb20e2?pvs=21), Canaan Dog (https://www.notion.so/Canaan-Dog-28ccf55ca088815abbafe225ed3f20bf?pvs=21), Basset Hound (https://www.notion.so/Basset-Hound-28ccf55ca088815b85a6c0d74a7e29f6?pvs=21), Basset Fauve de Bretagne (https://www.notion.so/Basset-Fauve-de-Bretagne-28ccf55ca088815ca4ddf7b2ca7e76bd?pvs=21), Old English Sheepdog (https://www.notion.so/Old-English-Sheepdog-28ccf55ca088815e8e5dd40071151709?pvs=21), American Foxhound (https://www.notion.so/American-Foxhound-28ccf55ca088815fb70ecbda0f319586?pvs=21), Cão Fila de São Miguel (https://www.notion.so/C-o-Fila-de-S-o-Miguel-28ccf55ca08881618febde8ddf45d469?pvs=21), Peruvian Inca Orchid (https://www.notion.so/Peruvian-Inca-Orchid-28ccf55ca0888165b70dd45660adb6cb?pvs=21), Portuguese Podengo Pequeno (https://www.notion.so/Portuguese-Podengo-Pequeno-28ccf55ca088816ab2d8f4aac0096621?pvs=21), Azawakh (https://www.notion.so/Azawakh-28ccf55ca08881928d14fa46a3d8b783?pvs=21), Barbet (https://www.notion.so/Barbet-28ccf55ca08881a7bab4df3f53a3838a?pvs=21), Basenji (https://www.notion.so/Basenji-28ccf55ca08881ca8bd0dc3b307de268?pvs=21), Basset Bleu de Gascogne (https://www.notion.so/Basset-Bleu-de-Gascogne-28ccf55ca088816d83d7c026d06d60ba?pvs=21), Bavarian Mountain Scent Hound (https://www.notion.so/Bavarian-Mountain-Scent-Hound-28ccf55ca088817eb38dee02dd9f401b?pvs=21), Beagle (https://www.notion.so/Beagle-28ccf55ca08881adb5a5f526296d9140?pvs=21), Beauceron (https://www.notion.so/Beauceron-28ccf55ca08881feb4f6c41a5eb22c60?pvs=21), Belgian Laekenois (https://www.notion.so/Belgian-Laekenois-28ccf55ca088819b9378e6ab6d438e6d?pvs=21), Belgian Tervuren (https://www.notion.so/Belgian-Tervuren-28ccf55ca08881cdbb8dcaa815f52dda?pvs=21), Bergamasco Sheepdog (https://www.notion.so/Bergamasco-Sheepdog-28ccf55ca08881f9b196c845ff054e6f?pvs=21), Belgian Sheepdog (https://www.notion.so/Belgian-Sheepdog-28ccf55ca08881f2b664c644ae6d96a4?pvs=21), Black and Tan Coonhound (https://www.notion.so/Black-and-Tan-Coonhound-28ccf55ca08881f7ae18f30183486e45?pvs=21), Bolognese (https://www.notion.so/Bolognese-28ccf55ca088816e824ad0670d3cc4a6?pvs=21), Borzoi (https://www.notion.so/Borzoi-28ccf55ca08881e6af0ce71e7bdbc102?pvs=21), Bouvier des Flandres (https://www.notion.so/Bouvier-des-Flandres-28ccf55ca08881e1b857fd6e3304d6eb?pvs=21), Bracco Italiano (https://www.notion.so/Bracco-Italiano-28ccf55ca08881c9a998e27a118c8152?pvs=21), Braque du Bourbonnais (https://www.notion.so/Braque-du-Bourbonnais-28ccf55ca08881d1a0f0c22918723e65?pvs=21), Carolina Dog (https://www.notion.so/Carolina-Dog-28ccf55ca08881ec9139eea6eb2691c7?pvs=21), Chinese Crested Dog (https://www.notion.so/Chinese-Crested-Dog-28ccf55ca08881d1a074d29009ba0c4f?pvs=21), Chinook (https://www.notion.so/Chinook-28ccf55ca08881aebf61c4756e2aca87?pvs=21), Wirehaired Vizsla (https://www.notion.so/Wirehaired-Vizsla-28ccf55ca0888170be42eb150ca79a1f?pvs=21), Xoloitzcuintli (https://www.notion.so/Xoloitzcuintli-28ccf55ca08881e69e2edb2a7757b8f4?pvs=21), Weimaraner (https://www.notion.so/Weimaraner-28ccf55ca08881d783abc53438b5835c?pvs=21), Vizsla (https://www.notion.so/Vizsla-28ccf55ca08881c682a1e935a3dcbd8c?pvs=21), Treeing Walker Coonhound (https://www.notion.so/Treeing-Walker-Coonhound-28ccf55ca08881cea473ccc6f7918578?pvs=21), Treeing Tennessee Brindle (https://www.notion.so/Treeing-Tennessee-Brindle-28ccf55ca08881768149eb83704ad67f?pvs=21), Transylvanian Hound (https://www.notion.so/Transylvanian-Hound-28ccf55ca088818b86e7e01fcc332316?pvs=21), Tornjak (https://www.notion.so/Tornjak-28ccf55ca08881a8991bf66ca76a2b14?pvs=21), Thai Ridgeback (https://www.notion.so/Thai-Ridgeback-28ccf55ca08881e8b150e46784031334?pvs=21), Telomian (https://www.notion.so/Telomian-28ccf55ca08881abab1ce484f9e9d42a?pvs=21), Small Münsterländer (https://www.notion.so/Small-M-nsterl-nder-28ccf55ca08881759d9cc8ca2bdba0e4?pvs=21), Sloughi (https://www.notion.so/Sloughi-28ccf55ca08881e09758d03d271ce40a?pvs=21), Slovak Cuvac (https://www.notion.so/Slovak-Cuvac-28ccf55ca08881a9b8a1e95da547c354?pvs=21), Shetland Sheepdog (https://www.notion.so/Shetland-Sheepdog-28ccf55ca0888183adeee31ccaf3ca12?pvs=21), Segugio Italiano (https://www.notion.so/Segugio-Italiano-28ccf55ca08881958c99d43204e491a4?pvs=21), Scottish Deerhound (https://www.notion.so/Scottish-Deerhound-28ccf55ca08881b28ec8e62d380b5431?pvs=21), Saluki (https://www.notion.so/Saluki-28ccf55ca08881c6b28dd8fb25180e6d?pvs=21), Portuguese Podengo (https://www.notion.so/Portuguese-Podengo-28ccf55ca08881d088d3c6908c59b620?pvs=21), Polish Lowland Sheepdog (https://www.notion.so/Polish-Lowland-Sheepdog-28ccf55ca0888190b2abfc6bb02f9f7c?pvs=21), Plott Hound (https://www.notion.so/Plott-Hound-28ccf55ca08881879263c88b2e058d0f?pvs=21), Pharaoh Hound (https://www.notion.so/Pharaoh-Hound-28ccf55ca08881fdb66af22b9a52350e?pvs=21), Redbone Coonhound (https://www.notion.so/Redbone-Coonhound-28ccf55ca08881b68065e31da86a7bb2?pvs=21), Rhodesian Ridgeback (https://www.notion.so/Rhodesian-Ridgeback-28ccf55ca08881f88dc3c83e165d8c3b?pvs=21), Otterhound (https://www.notion.so/Otterhound-28ccf55ca08881ac8bcdc24d7baade75?pvs=21), Norwegian Lundehund (https://www.notion.so/Norwegian-Lundehund-28ccf55ca088819387cbe07e839b9be1?pvs=21), Norwegian Buhund (https://www.notion.so/Norwegian-Buhund-28ccf55ca0888172ae34c811dd0451ad?pvs=21), Maremma Sheepdog (https://www.notion.so/Maremma-Sheepdog-28ccf55ca08881d5aecff364de09f957?pvs=21), Leonberger (https://www.notion.so/Leonberger-28ccf55ca08881e3b7aed93c491e3cc4?pvs=21), Kromfohrländer (https://www.notion.so/Kromfohrl-nder-28ccf55ca08881b6bbe3db6398346e90?pvs=21), Kooikerhondje (https://www.notion.so/Kooikerhondje-28ccf55ca08881c097cfc9c8751606bf?pvs=21), Italian Greyhound (https://www.notion.so/Italian-Greyhound-28ccf55ca08881cea3a7f16946437b1a?pvs=21), Irish Wolfhound (https://www.notion.so/Irish-Wolfhound-28ccf55ca088817c8049fce3b0bdeebd?pvs=21), Icelandic Sheepdog (https://www.notion.so/Icelandic-Sheepdog-28ccf55ca08881f1aa59c817c97e17ee?pvs=21), Ibizan Hound (https://www.notion.so/Ibizan-Hound-28ccf55ca08881bf9246c77fddecb027?pvs=21), Hungarian Vizsla (https://www.notion.so/Hungarian-Vizsla-28ccf55ca088818ab6e0c32b494f45e8?pvs=21), Havanese (https://www.notion.so/Havanese-28ccf55ca08881968a3be67aa7ef9854?pvs=21), Greyhound (https://www.notion.so/Greyhound-28ccf55ca08881bbacccef643d94a022?pvs=21), Grand Bleu de Gascogne (https://www.notion.so/Grand-Bleu-de-Gascogne-28ccf55ca08881bfac02eedcb2b5311f?pvs=21), Eurasier (https://www.notion.so/Eurasier-28ccf55ca08881d1a14cd5d1483785b3?pvs=21), Finnish Spitz (https://www.notion.so/Finnish-Spitz-28ccf55ca08881199f7fcd0b51a21f36?pvs=21), Chow Chow (https://www.notion.so/Chow-Chow-28ccf55ca088812f9ab6d85a34144f5b?pvs=21), Yakutian Laika (https://www.notion.so/Yakutian-Laika-28ccf55ca088813dbe0dddc7f1a8bf20?pvs=21), American Water Spaniel (https://www.notion.so/American-Water-Spaniel-28ccf55ca0888146b943f715a9f9c644?pvs=21), Sussex Spaniel (https://www.notion.so/Sussex-Spaniel-28ccf55ca088814783dfc081bbec26a1?pvs=21), English Cocker Spaniel (https://www.notion.so/English-Cocker-Spaniel-28ccf55ca08881569b61f348cc0a9133?pvs=21), Shiba Inu (https://www.notion.so/Shiba-Inu-28ccf55ca0888160a4a9e5d07573358b?pvs=21), Boykin Spaniel (https://www.notion.so/Boykin-Spaniel-28ccf55ca088816390d9c9f33a88b0fc?pvs=21), Welsh Springer Spaniel (https://www.notion.so/Welsh-Springer-Spaniel-28ccf55ca088816b9938c3ed97c08a81?pvs=21), Japanese Spitz (https://www.notion.so/Japanese-Spitz-28ccf55ca088816cbed5f454668b53a0?pvs=21), Akita (https://www.notion.so/Akita-28ccf55ca08881dba02feadcac87c072?pvs=21), Alaskan Malamute (https://www.notion.so/Alaskan-Malamute-28ccf55ca08881a9b72ef25f6cefa61b?pvs=21), American Cocker Spaniel (https://www.notion.so/American-Cocker-Spaniel-28ccf55ca08881ed970cc82c564bad27?pvs=21), Brittany Spaniel (https://www.notion.so/Brittany-Spaniel-28ccf55ca088818b9c29ec6949d648e8?pvs=21), Cavalier King Charles Spaniel (https://www.notion.so/Cavalier-King-Charles-Spaniel-28ccf55ca08881d48af3f8534843b533?pvs=21), Tibetan Spaniel (https://www.notion.so/Tibetan-Spaniel-28ccf55ca088818e8149cd1d10776928?pvs=21), Siberian Husky (https://www.notion.so/Siberian-Husky-28ccf55ca08881fa9c95dd4a804549f0?pvs=21), Samoyed (https://www.notion.so/Samoyed-28ccf55ca08881b68655f8347819bbce?pvs=21), King Charles Spaniel (https://www.notion.so/King-Charles-Spaniel-28ccf55ca088817f8992c38f8ea5d756?pvs=21), Irish Water Spaniel (https://www.notion.so/Irish-Water-Spaniel-28ccf55ca08881bdbd49f7ce273ba291?pvs=21), Field Spaniel (https://www.notion.so/Field-Spaniel-28ccf55ca08881c58089c9e389734084?pvs=21), English Toy Spaniel (https://www.notion.so/English-Toy-Spaniel-28ccf55ca08881e8bf14c4065ec07177?pvs=21), English Springer Spaniel (https://www.notion.so/English-Springer-Spaniel-28ccf55ca088817bb4afc8e151066e6c?pvs=21), English Foxhound (https://www.notion.so/English-Foxhound-28ccf55ca08881708ed8d41201097069?pvs=21), Danish-Swedish Farmdog (https://www.notion.so/Danish-Swedish-Farmdog-28ccf55ca08881c78cd6fb70ac08b381?pvs=21), Cockapoo (https://www.notion.so/Cockapoo-28ccf55ca08881b7b845d2ac6d7551e9?pvs=21), Clumber Spaniel (https://www.notion.so/Clumber-Spaniel-28ccf55ca088819183c3e1c402f00a56?pvs=21)",,,,,
Heart issues,"Standard Schnauzer (https://www.notion.so/Standard-Schnauzer-28ccf55ca0888102af11ccee0870b499?pvs=21), Giant Schnauzer (https://www.notion.so/Giant-Schnauzer-28ccf55ca0888139bdd6cb71f200a26e?pvs=21), Newfoundland (https://www.notion.so/Newfoundland-28ccf55ca08881679d20d0aea160da80?pvs=21), Cane Corso (https://www.notion.so/Cane-Corso-28ccf55ca0888168ba46ea236c44d2f6?pvs=21), Dogo Argentino (https://www.notion.so/Dogo-Argentino-28ccf55ca088816a8a87f0ffd4fb12fd?pvs=21), Affenpinscher (https://www.notion.so/Affenpinscher-28ccf55ca08881768e2ce535336d99d4?pvs=21), Boxer (https://www.notion.so/Boxer-28ccf55ca08881a5bdced5bcae205263?pvs=21), Tosa Inu (https://www.notion.so/Tosa-Inu-28ccf55ca08881b9b959e276d6b5daa8?pvs=21), Rottweiler (https://www.notion.so/Rottweiler-28ccf55ca088818492aacd6c454d9066?pvs=21), Miniature Schnauzer (https://www.notion.so/Miniature-Schnauzer-28ccf55ca08881729455c5cf2d3bfb04?pvs=21), Miniature Pinscher (https://www.notion.so/Miniature-Pinscher-28ccf55ca088817cb04edc959dea57b1?pvs=21), Kuvasz (https://www.notion.so/Kuvasz-28ccf55ca08881ca8608ed215681c59a?pvs=21), Komondor (https://www.notion.so/Komondor-28ccf55ca08881e2b4ecfafa67fffa82?pvs=21), Great Pyrenees (https://www.notion.so/Great-Pyrenees-28ccf55ca088817c867ce6684ebfc65e?pvs=21), German Pinscher (https://www.notion.so/German-Pinscher-28ccf55ca08881f6adfbccd382d83923?pvs=21), Dogo Canario (https://www.notion.so/Dogo-Canario-28ccf55ca0888197aadfd36a74116e5a?pvs=21), Doberman Pinscher (https://www.notion.so/Doberman-Pinscher-28ccf55ca088816f9586df3be53f94e0?pvs=21)",,,,,
Ear infections,"Irish Red and White Setter (https://www.notion.so/Irish-Red-and-White-Setter-28ccf55ca08881079bb9cb3dcf397d77?pvs=21), German Wirehaired Pointer (https://www.notion.so/German-Wirehaired-Pointer-28ccf55ca0888108a557cb246a9b0a76?pvs=21), Flat-Coated Retriever (https://www.notion.so/Flat-Coated-Retriever-28ccf55ca08881129e55e719ece9373e?pvs=21), Bloodhound (https://www.notion.so/Bloodhound-28ccf55ca0888120978de9a5b15f5003?pvs=21), Norwegian Elkhound (https://www.notion.so/Norwegian-Elkhound-28ccf55ca0888128a964ff15c0855128?pvs=21), Afghan Hound (https://www.notion.so/Afghan-Hound-28ccf55ca088812dbaf7d9b5d6eb7f89?pvs=21), Pointer (https://www.notion.so/Pointer-28ccf55ca088813ea259d6a110f19b52?pvs=21), American Water Spaniel (https://www.notion.so/American-Water-Spaniel-28ccf55ca0888146b943f715a9f9c644?pvs=21), Sussex Spaniel (https://www.notion.so/Sussex-Spaniel-28ccf55ca088814783dfc081bbec26a1?pvs=21), Slovakian Wirehaired Pointer (https://www.notion.so/Slovakian-Wirehaired-Pointer-28ccf55ca088814c9d86d338c0ad3d6c?pvs=21), American Leopard Hound (https://www.notion.so/American-Leopard-Hound-28ccf55ca088814f9701cdbb5b179398?pvs=21), Irish Setter (https://www.notion.so/Irish-Setter-28ccf55ca08881549e49c94de98c2650?pvs=21), English Cocker Spaniel (https://www.notion.so/English-Cocker-Spaniel-28ccf55ca08881569b61f348cc0a9133?pvs=21), Bluetick Coonhound (https://www.notion.so/Bluetick-Coonhound-28ccf55ca088815a94dfdf7aa1bb20e2?pvs=21), Basset Hound (https://www.notion.so/Basset-Hound-28ccf55ca088815b85a6c0d74a7e29f6?pvs=21), American Foxhound (https://www.notion.so/American-Foxhound-28ccf55ca088815fb70ecbda0f319586?pvs=21), Boykin Spaniel (https://www.notion.so/Boykin-Spaniel-28ccf55ca088816390d9c9f33a88b0fc?pvs=21), Welsh Springer Spaniel (https://www.notion.so/Welsh-Springer-Spaniel-28ccf55ca088816b9938c3ed97c08a81?pvs=21), American Cocker Spaniel (https://www.notion.so/American-Cocker-Spaniel-28ccf55ca08881ed970cc82c564bad27?pvs=21), Bavarian Mountain Scent Hound (https://www.notion.so/Bavarian-Mountain-Scent-Hound-28ccf55ca088817eb38dee02dd9f401b?pvs=21), Black and Tan Coonhound (https://www.notion.so/Black-and-Tan-Coonhound-28ccf55ca08881f7ae18f30183486e45?pvs=21), Brittany Spaniel (https://www.notion.so/Brittany-Spaniel-28ccf55ca088818b9c29ec6949d648e8?pvs=21), Cavalier King Charles Spaniel (https://www.notion.so/Cavalier-King-Charles-Spaniel-28ccf55ca08881d48af3f8534843b533?pvs=21), Treeing Walker Coonhound (https://www.notion.so/Treeing-Walker-Coonhound-28ccf55ca08881cea473ccc6f7918578?pvs=21), Transylvanian Hound (https://www.notion.so/Transylvanian-Hound-28ccf55ca088818b86e7e01fcc332316?pvs=21), Tibetan Spaniel (https://www.notion.so/Tibetan-Spaniel-28ccf55ca088818e8149cd1d10776928?pvs=21), Scottish Deerhound (https://www.notion.so/Scottish-Deerhound-28ccf55ca08881b28ec8e62d380b5431?pvs=21), Plott Hound (https://www.notion.so/Plott-Hound-28ccf55ca08881879263c88b2e058d0f?pvs=21), Pharaoh Hound (https://www.notion.so/Pharaoh-Hound-28ccf55ca08881fdb66af22b9a52350e?pvs=21), Redbone Coonhound (https://www.notion.so/Redbone-Coonhound-28ccf55ca08881b68065e31da86a7bb2?pvs=21), Otterhound (https://www.notion.so/Otterhound-28ccf55ca08881ac8bcdc24d7baade75?pvs=21), Nova Scotia Duck Tolling Retriever (https://www.notion.so/Nova-Scotia-Duck-Tolling-Retriever-28ccf55ca08881f08c66f86a7890dcfe?pvs=21), King Charles Spaniel (https://www.notion.so/King-Charles-Spaniel-28ccf55ca088817f8992c38f8ea5d756?pvs=21), Italian Greyhound (https://www.notion.so/Italian-Greyhound-28ccf55ca08881cea3a7f16946437b1a?pvs=21), Irish Wolfhound (https://www.notion.so/Irish-Wolfhound-28ccf55ca088817c8049fce3b0bdeebd?pvs=21), Irish Water Spaniel (https://www.notion.so/Irish-Water-Spaniel-28ccf55ca08881bdbd49f7ce273ba291?pvs=21), Ibizan Hound (https://www.notion.so/Ibizan-Hound-28ccf55ca08881bf9246c77fddecb027?pvs=21), Greyhound (https://www.notion.so/Greyhound-28ccf55ca08881bbacccef643d94a022?pvs=21), Gordon Setter (https://www.notion.so/Gordon-Setter-28ccf55ca08881caae44d38b98972337?pvs=21), Golden Retriever (https://www.notion.so/Golden-Retriever-28ccf55ca088818180bffc3fea0d1c62?pvs=21), German Shorthaired Pointer (https://www.notion.so/German-Shorthaired-Pointer-28ccf55ca08881729520ca646923a47a?pvs=21), Field Spaniel (https://www.notion.so/Field-Spaniel-28ccf55ca08881c58089c9e389734084?pvs=21), English Toy Spaniel (https://www.notion.so/English-Toy-Spaniel-28ccf55ca08881e8bf14c4065ec07177?pvs=21), English Springer Spaniel (https://www.notion.so/English-Springer-Spaniel-28ccf55ca088817bb4afc8e151066e6c?pvs=21), English Foxhound (https://www.notion.so/English-Foxhound-28ccf55ca08881708ed8d41201097069?pvs=21), English Setter (https://www.notion.so/English-Setter-28ccf55ca0888199a1d7e64d96c07c4a?pvs=21), Curly-Coated Retriever (https://www.notion.so/Curly-Coated-Retriever-28ccf55ca08881b597b7ede6930295e0?pvs=21), Clumber Spaniel (https://www.notion.so/Clumber-Spaniel-28ccf55ca088819183c3e1c402f00a56?pvs=21)",,,,,
hereditary eye disease (PRA/cataract risk),"Karelian Bear Dog (https://www.notion.so/Karelian-Bear-Dog-28ccf55ca0888126bf7fe64f675ecdfb?pvs=21), English Cocker Spaniel (https://www.notion.so/English-Cocker-Spaniel-28ccf55ca08881569b61f348cc0a9133?pvs=21), Alaskan Malamute (https://www.notion.so/Alaskan-Malamute-28ccf55ca08881a9b72ef25f6cefa61b?pvs=21), American Cocker Spaniel (https://www.notion.so/American-Cocker-Spaniel-28ccf55ca08881ed970cc82c564bad27?pvs=21), Siberian Husky (https://www.notion.so/Siberian-Husky-28ccf55ca08881fa9c95dd4a804549f0?pvs=21), Samoyed (https://www.notion.so/Samoyed-28ccf55ca08881b68655f8347819bbce?pvs=21)",,,,,
cystinuria,Newfoundland (https://www.notion.so/Newfoundland-28ccf55ca08881679d20d0aea160da80?pvs=21),,,,,
cancer predisposition (breed‑associated),"Flat-Coated Retriever (https://www.notion.so/Flat-Coated-Retriever-28ccf55ca08881129e55e719ece9373e?pvs=21), Bernese Mountain Dog (https://www.notion.so/Bernese-Mountain-Dog-28ccf55ca08881a3bca0c13fdc6afe45?pvs=21), Golden Retriever (https://www.notion.so/Golden-Retriever-28ccf55ca088818180bffc3fea0d1c62?pvs=21)",,,,,
Cardiomyopathy,"Pyrenean Mastiff (https://www.notion.so/Pyrenean-Mastiff-28ccf55ca088810984adcbbb43a3210f?pvs=21), Dogue de Bordeaux (https://www.notion.so/Dogue-de-Bordeaux-28ccf55ca088811da71becd5a00e3ebd?pvs=21), Perro de Presa Canario (https://www.notion.so/Perro-de-Presa-Canario-28ccf55ca088811fa546de2acd117f93?pvs=21), Great Dane (https://www.notion.so/Great-Dane-28ccf55ca0888122a6f1d326bfa1f7ef?pvs=21), Tibetan Mastiff (https://www.notion.so/Tibetan-Mastiff-28ccf55ca0888125ac57ccc867ba44ad?pvs=21), Saint Bernard (https://www.notion.so/Saint-Bernard-28ccf55ca0888130a256dedde4dd13ab?pvs=21), Presa Canario (https://www.notion.so/Presa-Canario-28ccf55ca0888136bdddeea8546d3950?pvs=21), Neapolitan Mastiff (https://www.notion.so/Neapolitan-Mastiff-28ccf55ca088814fbe98f47a2dd1b265?pvs=21), Entlebucher Mountain Dog (https://www.notion.so/Entlebucher-Mountain-Dog-28ccf55ca0888167b6f5de558053a064?pvs=21), Boerboel (https://www.notion.so/Boerboel-28ccf55ca08881cb8377fd9eb80e7ca7?pvs=21), Bullmastiff (https://www.notion.so/Bullmastiff-28ccf55ca08881dca76cc90739aa680f?pvs=21), Spanish Mastiff (https://www.notion.so/Spanish-Mastiff-28ccf55ca08881df88ddde44b47e2cd1?pvs=21), Mastiff (https://www.notion.so/Mastiff-28ccf55ca08881b0b177d1ca490ebf43?pvs=21), Greater Swiss Mountain Dog (https://www.notion.so/Greater-Swiss-Mountain-Dog-28ccf55ca08881b09263c49291974f33?pvs=21), Estrela Mountain Dog (https://www.notion.so/Estrela-Mountain-Dog-28ccf55ca08881bfa2f0c8b6e39db376?pvs=21)",,,,,
Pigment‑associated deafness,Dogo Argentino (https://www.notion.so/Dogo-Argentino-28ccf55ca088816a8a87f0ffd4fb12fd?pvs=21),,,,,
Zinc deficiency,"Finnish Spitz (https://www.notion.so/Finnish-Spitz-28ccf55ca08881199f7fcd0b51a21f36?pvs=21), Chow Chow (https://www.notion.so/Chow-Chow-28ccf55ca088812f9ab6d85a34144f5b?pvs=21), Yakutian Laika (https://www.notion.so/Yakutian-Laika-28ccf55ca088813dbe0dddc7f1a8bf20?pvs=21), Shiba Inu (https://www.notion.so/Shiba-Inu-28ccf55ca0888160a4a9e5d07573358b?pvs=21), Japanese Spitz (https://www.notion.so/Japanese-Spitz-28ccf55ca088816cbed5f454668b53a0?pvs=21), Akita (https://www.notion.so/Akita-28ccf55ca08881dba02feadcac87c072?pvs=21), Alaskan Malamute (https://www.notion.so/Alaskan-Malamute-28ccf55ca08881a9b72ef25f6cefa61b?pvs=21), Siberian Husky (https://www.notion.so/Siberian-Husky-28ccf55ca08881fa9c95dd4a804549f0?pvs=21), Samoyed (https://www.notion.so/Samoyed-28ccf55ca08881b68655f8347819bbce?pvs=21)",,,,,
Skin issues,"Bull Terrier (https://www.notion.so/Bull-Terrier-28ccf55ca08881118793dc5e50718fc7?pvs=21), Wire Fox Terrier (https://www.notion.so/Wire-Fox-Terrier-28ccf55ca0888122949fc35b0a108e64?pvs=21), American Staffordshire Terrier (https://www.notion.so/American-Staffordshire-Terrier-28ccf55ca0888125ba95ff1824848f56?pvs=21), Border Terrier (https://www.notion.so/Border-Terrier-28ccf55ca0888128951ae815928554c3?pvs=21), Airedale Terrier (https://www.notion.so/Airedale-Terrier-28ccf55ca0888128a304f154db4dc929?pvs=21), Toy Fox Terrier (https://www.notion.so/Toy-Fox-Terrier-28ccf55ca088812b8077fca6b0459775?pvs=21), Cairn Terrier (https://www.notion.so/Cairn-Terrier-28ccf55ca088813b8d1ec6c8fbccc1cc?pvs=21), Staffordshire Bull Terrier (https://www.notion.so/Staffordshire-Bull-Terrier-28ccf55ca0888140af70da0a2634e68b?pvs=21), American Pit Bull Terrier (https://www.notion.so/American-Pit-Bull-Terrier-28ccf55ca08881428ac6d1eae3c777ee?pvs=21), Welsh Terrier (https://www.notion.so/Welsh-Terrier-28ccf55ca0888146931dddc2361d36c3?pvs=21), Skye Terrier (https://www.notion.so/Skye-Terrier-28ccf55ca088814cbbe5d2ad498a1951?pvs=21), Kerry Blue Terrier (https://www.notion.so/Kerry-Blue-Terrier-28ccf55ca0888156991fc717de8db256?pvs=21), Miniature Bull Terrier (https://www.notion.so/Miniature-Bull-Terrier-28ccf55ca088815baee4e4353100089d?pvs=21), Black Russian Terrier (https://www.notion.so/Black-Russian-Terrier-28ccf55ca0888161a176c99209c82d1b?pvs=21), Irish Terrier (https://www.notion.so/Irish-Terrier-28ccf55ca088816894b4cff5acbcd991?pvs=21), Rat Terrier (https://www.notion.so/Rat-Terrier-28ccf55ca0888168a425e7978d545918?pvs=21), Lakeland Terrier (https://www.notion.so/Lakeland-Terrier-28ccf55ca088816cb0cdd20e336d5e4e?pvs=21), American Hairless Terrier (https://www.notion.so/American-Hairless-Terrier-28ccf55ca08881b09664ded6d4796eab?pvs=21), Australian Terrier (https://www.notion.so/Australian-Terrier-28ccf55ca08881dd8c36f005ab1102ea?pvs=21), Bedlington Terrier (https://www.notion.so/Bedlington-Terrier-28ccf55ca08881be8fc8f25b23a960f8?pvs=21), Boston Terrier (https://www.notion.so/Boston-Terrier-28ccf55ca0888173bb66f5a40316a5a7?pvs=21), Cesky Terrier (https://www.notion.so/Cesky-Terrier-28ccf55ca08881c7a4d4c7a34b8d4321?pvs=21), West Highland White Terrier (https://www.notion.so/West-Highland-White-Terrier-28ccf55ca08881fa9dcaeae70f8441ae?pvs=21), Yorkshire Terrier (https://www.notion.so/Yorkshire-Terrier-28ccf55ca08881b39a3fc7b6fc93ca2b?pvs=21), Tibetan Terrier (https://www.notion.so/Tibetan-Terrier-28ccf55ca0888174ac3edc1f04301a2e?pvs=21), Soft-Coated Wheaten Terrier (https://www.notion.so/Soft-Coated-Wheaten-Terrier-28ccf55ca08881f591e2f441ccca759f?pvs=21), Silky Terrier (https://www.notion.so/Silky-Terrier-28ccf55ca08881d08e5fceb037ac6e56?pvs=21), Sealyham Terrier (https://www.notion.so/Sealyham-Terrier-28ccf55ca08881bfb146f28320bea5c4?pvs=21), Scottish Terrier (https://www.notion.so/Scottish-Terrier-28ccf55ca08881e98af9c3e5348d92c0?pvs=21), Parson Russell Terrier (https://www.notion.so/Parson-Russell-Terrier-28ccf55ca08881ccb55dc3a3e970c951?pvs=21), Norwich Terrier (https://www.notion.so/Norwich-Terrier-28ccf55ca0888177ad83f3d8076bfcc5?pvs=21), Norfolk Terrier (https://www.notion.so/Norfolk-Terrier-28ccf55ca08881e198ecf95ba50cfaf5?pvs=21), Manchester Terrier (https://www.notion.so/Manchester-Terrier-28ccf55ca08881bd91cef4a47f1b6cea?pvs=21), Glen of Imaal Terrier (https://www.notion.so/Glen-of-Imaal-Terrier-28ccf55ca08881f09ab2fbb95a5ceb32?pvs=21), Fox Terrier (https://www.notion.so/Fox-Terrier-28ccf55ca088818ba0d7fdcafe16a821?pvs=21), Dandie Dinmont Terrier (https://www.notion.so/Dandie-Dinmont-Terrier-28ccf55ca08881c88c98db3914ac1b52?pvs=21)",,,,,
Lens luxation,"Bull Terrier (https://www.notion.so/Bull-Terrier-28ccf55ca08881118793dc5e50718fc7?pvs=21), Wire Fox Terrier (https://www.notion.so/Wire-Fox-Terrier-28ccf55ca0888122949fc35b0a108e64?pvs=21), American Staffordshire Terrier (https://www.notion.so/American-Staffordshire-Terrier-28ccf55ca0888125ba95ff1824848f56?pvs=21), Border Terrier (https://www.notion.so/Border-Terrier-28ccf55ca0888128951ae815928554c3?pvs=21), Airedale Terrier (https://www.notion.so/Airedale-Terrier-28ccf55ca0888128a304f154db4dc929?pvs=21), Toy Fox Terrier (https://www.notion.so/Toy-Fox-Terrier-28ccf55ca088812b8077fca6b0459775?pvs=21), Cairn Terrier (https://www.notion.so/Cairn-Terrier-28ccf55ca088813b8d1ec6c8fbccc1cc?pvs=21), Staffordshire Bull Terrier (https://www.notion.so/Staffordshire-Bull-Terrier-28ccf55ca0888140af70da0a2634e68b?pvs=21), American Pit Bull Terrier (https://www.notion.so/American-Pit-Bull-Terrier-28ccf55ca08881428ac6d1eae3c777ee?pvs=21), Welsh Terrier (https://www.notion.so/Welsh-Terrier-28ccf55ca0888146931dddc2361d36c3?pvs=21), Skye Terrier (https://www.notion.so/Skye-Terrier-28ccf55ca088814cbbe5d2ad498a1951?pvs=21), Kerry Blue Terrier (https://www.notion.so/Kerry-Blue-Terrier-28ccf55ca0888156991fc717de8db256?pvs=21), Miniature Bull Terrier (https://www.notion.so/Miniature-Bull-Terrier-28ccf55ca088815baee4e4353100089d?pvs=21), Black Russian Terrier (https://www.notion.so/Black-Russian-Terrier-28ccf55ca0888161a176c99209c82d1b?pvs=21), Irish Terrier (https://www.notion.so/Irish-Terrier-28ccf55ca088816894b4cff5acbcd991?pvs=21), Rat Terrier (https://www.notion.so/Rat-Terrier-28ccf55ca0888168a425e7978d545918?pvs=21), Lakeland Terrier (https://www.notion.so/Lakeland-Terrier-28ccf55ca088816cb0cdd20e336d5e4e?pvs=21), American Hairless Terrier (https://www.notion.so/American-Hairless-Terrier-28ccf55ca08881b09664ded6d4796eab?pvs=21), Australian Terrier (https://www.notion.so/Australian-Terrier-28ccf55ca08881dd8c36f005ab1102ea?pvs=21), Bedlington Terrier (https://www.notion.so/Bedlington-Terrier-28ccf55ca08881be8fc8f25b23a960f8?pvs=21), Boston Terrier (https://www.notion.so/Boston-Terrier-28ccf55ca0888173bb66f5a40316a5a7?pvs=21), Cesky Terrier (https://www.notion.so/Cesky-Terrier-28ccf55ca08881c7a4d4c7a34b8d4321?pvs=21), West Highland White Terrier (https://www.notion.so/West-Highland-White-Terrier-28ccf55ca08881fa9dcaeae70f8441ae?pvs=21), Yorkshire Terrier (https://www.notion.so/Yorkshire-Terrier-28ccf55ca08881b39a3fc7b6fc93ca2b?pvs=21), Tibetan Terrier (https://www.notion.so/Tibetan-Terrier-28ccf55ca0888174ac3edc1f04301a2e?pvs=21), Soft-Coated Wheaten Terrier (https://www.notion.so/Soft-Coated-Wheaten-Terrier-28ccf55ca08881f591e2f441ccca759f?pvs=21), Silky Terrier (https://www.notion.so/Silky-Terrier-28ccf55ca08881d08e5fceb037ac6e56?pvs=21), Sealyham Terrier (https://www.notion.so/Sealyham-Terrier-28ccf55ca08881bfb146f28320bea5c4?pvs=21), Scottish Terrier (https://www.notion.so/Scottish-Terrier-28ccf55ca08881e98af9c3e5348d92c0?pvs=21), Parson Russell Terrier (https://www.notion.so/Parson-Russell-Terrier-28ccf55ca08881ccb55dc3a3e970c951?pvs=21), Norwich Terrier (https://www.notion.so/Norwich-Terrier-28ccf55ca0888177ad83f3d8076bfcc5?pvs=21), Norfolk Terrier (https://www.notion.so/Norfolk-Terrier-28ccf55ca08881e198ecf95ba50cfaf5?pvs=21), Manchester Terrier (https://www.notion.so/Manchester-Terrier-28ccf55ca08881bd91cef4a47f1b6cea?pvs=21), Glen of Imaal Terrier (https://www.notion.so/Glen-of-Imaal-Terrier-28ccf55ca08881f09ab2fbb95a5ceb32?pvs=21), Fox Terrier (https://www.notion.so/Fox-Terrier-28ccf55ca088818ba0d7fdcafe16a821?pvs=21), Dandie Dinmont Terrier (https://www.notion.so/Dandie-Dinmont-Terrier-28ccf55ca08881c88c98db3914ac1b52?pvs=21)",,,,,
Cardiomyopathy predisposition,,,,,,
Dental disease,"Lowchen (https://www.notion.so/Lowchen-28ccf55ca088812baea0d319269cd7fb?pvs=21), Wirehaired Pointing Griffon (https://www.notion.so/Wirehaired-Pointing-Griffon-28ccf55ca088813e8790d91986e13db4?pvs=21), Shih Tzu (https://www.notion.so/Shih-Tzu-28ccf55ca08881608ac6d77847e19a4a?pvs=21), Bichon Frise (https://www.notion.so/Bichon-Frise-28ccf55ca08881af94d7c8adecc3ec0d?pvs=21), Briquet Griffon Vendéen (https://www.notion.so/Briquet-Griffon-Vend-en-28ccf55ca08881f2b2dfcd03032e2df6?pvs=21), Brussels Griffon (https://www.notion.so/Brussels-Griffon-28ccf55ca08881b0b752fe577d4cfa29?pvs=21), Chihuahua (https://www.notion.so/Chihuahua-28ccf55ca088819d9950f010cfe693ef?pvs=21), Yorkshire Terrier (https://www.notion.so/Yorkshire-Terrier-28ccf55ca08881b39a3fc7b6fc93ca2b?pvs=21), Shikoku (https://www.notion.so/Shikoku-28ccf55ca0888199972be9312f349bfb?pvs=21), Petit Basset Griffon Vendéen (https://www.notion.so/Petit-Basset-Griffon-Vend-en-28ccf55ca08881ffa76bff6362df00d3?pvs=21), Russian Toy (https://www.notion.so/Russian-Toy-28ccf55ca088819b98cddd3ebe064dc9?pvs=21), Pug (https://www.notion.so/Pug-28ccf55ca08881f786fcf395e4c44d05?pvs=21), Poodle (https://www.notion.so/Poodle-28ccf55ca08881e392afdccea6349af8?pvs=21), Pomeranian (https://www.notion.so/Pomeranian-28ccf55ca08881a19b71f9c31c1c335e?pvs=21), Pekingese (https://www.notion.so/Pekingese-28ccf55ca088819a8066e767939be6d8?pvs=21), Papillon (https://www.notion.so/Papillon-28ccf55ca08881f68af5ecafb05dfb1a?pvs=21), Maltese (https://www.notion.so/Maltese-28ccf55ca0888172a98febb44ba693c9?pvs=21), Lancashire Heeler (https://www.notion.so/Lancashire-Heeler-28ccf55ca08881a59a5ceb1f5bb24a60?pvs=21), Japanese Chin (https://www.notion.so/Japanese-Chin-28ccf55ca08881d9adaedb294174d01e?pvs=21), Grand Griffon Vendéen (https://www.notion.so/Grand-Griffon-Vend-en-28ccf55ca08881e3a922e3fd5a41b56a?pvs=21), Coton de Tulear (https://www.notion.so/Coton-de-Tulear-28ccf55ca088818d978bc9b7a00c23f6?pvs=21)",,,,,
Intervertebral disc disease (IVDD) predisposition,"Cardigan Welsh Corgi (https://www.notion.so/Cardigan-Welsh-Corgi-28ccf55ca088811c9334e085584b444c?pvs=21), Dachshund (https://www.notion.so/Dachshund-28ccf55ca088813492c5db5cd339825c?pvs=21), Basset Hound (https://www.notion.so/Basset-Hound-28ccf55ca088815b85a6c0d74a7e29f6?pvs=21)",,,,,
Epilepsy predisposition,"Beagle (https://www.notion.so/Beagle-28ccf55ca08881adb5a5f526296d9140?pvs=21), Border Collie (https://www.notion.so/Border-Collie-28ccf55ca08881369868dc83858c5fac?pvs=21)",,,,,
Hyperlipidemia,Miniature Schnauzer (https://www.notion.so/Miniature-Schnauzer-28ccf55ca08881729455c5cf2d3bfb04?pvs=21),,,,,
Pancreatitis predisposition,Miniature Schnauzer (https://www.notion.so/Miniature-Schnauzer-28ccf55ca08881729455c5cf2d3bfb04?pvs=21),,,,,
autoimmune thyroiditis,Akita (https://www.notion.so/Akita-28ccf55ca08881dba02feadcac87c072?pvs=21),,,,,
dermatologic issues (zinc-reponsive dermatosis in some lines),"Alaskan Malamute (https://www.notion.so/Alaskan-Malamute-28ccf55ca08881a9b72ef25f6cefa61b?pvs=21), Siberian Husky (https://www.notion.so/Siberian-Husky-28ccf55ca08881fa9c95dd4a804549f0?pvs=21), Samoyed (https://www.notion.so/Samoyed-28ccf55ca08881b68655f8347819bbce?pvs=21)",,,,,
chondrodysplasia (dwarfism),Alaskan Malamute (https://www.notion.so/Alaskan-Malamute-28ccf55ca08881a9b72ef25f6cefa61b?pvs=21),,,,,
Fanconi syndrome,Basenji (https://www.notion.so/Basenji-28ccf55ca08881ca8bd0dc3b307de268?pvs=21),,,,,
Copper toxicosis (COMMD1),Bedlington Terrier (https://www.notion.so/Bedlington-Terrier-28ccf55ca08881be8fc8f25b23a960f8?pvs=21),,,,,
Shar-Pei Fever / Amyloidosis,Chinese Shar-Pei (https://www.notion.so/Chinese-Shar-Pei-28ccf55ca0888198b2a9d4fcb26c9e4b?pvs=21),,,,,
hemivertebrae (spinal malformations),"Pug (https://www.notion.so/Pug-28ccf55ca08881f786fcf395e4c44d05?pvs=21), French Bulldog (https://www.notion.so/French-Bulldog-28ccf55ca08881cc9f32f0db1ae5f647?pvs=21), English Bulldog (https://www.notion.so/English-Bulldog-28ccf55ca08881b9af28e4e5943ff84e?pvs=21)",,,,,
necrotising meningoencephalitis (PDE/NME),Pug (https://www.notion.so/Pug-28ccf55ca08881f786fcf395e4c44d05?pvs=21),,,,,
Congenital sensorineuraal deafness,Dalmatian (https://www.notion.so/Dalmatian-28ccf55ca08881ebb712f71946215a41?pvs=21),,,,,